model,temp,id,clone_type,clone_pairs,clone_classes,clone_original_prompt,clone_modified_prompt,file_names
CodeGen,0.6,0,Type-1,0,0,False,False,
CodeGen,0.6,0,Type-2,0,0,False,False,
CodeGen,0.6,0,Type-3,0,0,False,False,
CodeGen,0.6,1,Type-1,0,0,False,False,
CodeGen,0.6,1,Type-2,0,0,False,False,
CodeGen,0.6,1,Type-3,0,0,False,False,
CodeGen,0.6,10,Type-1,0,0,False,False,
CodeGen,0.6,10,Type-2,0,0,False,False,
CodeGen,0.6,10,Type-3,0,0,False,False,
CodeGen,0.6,100,Type-1,0,0,False,False,
CodeGen,0.6,100,Type-2,0,0,False,False,
CodeGen,0.6,100,Type-3,0,0,False,False,
CodeGen,0.6,101,Type-1,0,0,False,False,
CodeGen,0.6,101,Type-2,0,0,False,False,
CodeGen,0.6,101,Type-3,0,0,False,False,
CodeGen,0.6,102,Type-1,0,0,False,False,
CodeGen,0.6,102,Type-2,0,0,False,False,
CodeGen,0.6,102,Type-3,0,0,False,False,
CodeGen,0.6,103,Type-1,0,0,False,False,
CodeGen,0.6,103,Type-2,0,0,False,False,
CodeGen,0.6,103,Type-3,1,1,False,True,Original_Files/103_.py#Files/103_P8_2.py
CodeGen,0.6,104,Type-1,0,0,False,False,
CodeGen,0.6,104,Type-2,0,0,False,False,
CodeGen,0.6,104,Type-3,1,1,False,True,Original_Files/104_.py#Files/104_P1_19.py
CodeGen,0.6,105,Type-1,0,0,False,False,
CodeGen,0.6,105,Type-2,0,0,False,False,
CodeGen,0.6,105,Type-3,0,0,False,False,
CodeGen,0.6,106,Type-1,0,0,False,False,
CodeGen,0.6,106,Type-2,0,0,False,False,
CodeGen,0.6,106,Type-3,0,0,False,False,
CodeGen,0.6,107,Type-1,0,0,False,False,
CodeGen,0.6,107,Type-2,0,0,False,False,
CodeGen,0.6,107,Type-3,0,0,False,False,
CodeGen,0.6,108,Type-1,0,0,False,False,
CodeGen,0.6,108,Type-2,0,0,False,False,
CodeGen,0.6,108,Type-3,0,0,False,False,
CodeGen,0.6,109,Type-1,0,0,False,False,
CodeGen,0.6,109,Type-2,0,0,False,False,
CodeGen,0.6,109,Type-3,0,0,False,False,
CodeGen,0.6,11,Type-1,0,0,False,False,
CodeGen,0.6,11,Type-2,0,0,False,False,
CodeGen,0.6,11,Type-3,0,0,False,False,
CodeGen,0.6,110,Type-1,0,0,False,False,
CodeGen,0.6,110,Type-2,0,0,False,False,
CodeGen,0.6,110,Type-3,0,0,False,False,
CodeGen,0.6,111,Type-1,0,0,False,False,
CodeGen,0.6,111,Type-2,0,0,False,False,
CodeGen,0.6,111,Type-3,0,0,False,False,
CodeGen,0.6,112,Type-1,0,0,False,False,
CodeGen,0.6,112,Type-2,0,0,False,False,
CodeGen,0.6,112,Type-3,0,0,False,False,
CodeGen,0.6,113,Type-1,0,0,False,False,
CodeGen,0.6,113,Type-2,0,0,False,False,
CodeGen,0.6,113,Type-3,0,0,False,False,
CodeGen,0.6,114,Type-1,0,0,False,False,
CodeGen,0.6,114,Type-2,0,0,False,False,
CodeGen,0.6,114,Type-3,0,0,False,False,
CodeGen,0.6,115,Type-1,0,0,False,False,
CodeGen,0.6,115,Type-2,0,0,False,False,
CodeGen,0.6,115,Type-3,0,0,False,False,
CodeGen,0.6,116,Type-1,0,0,False,False,
CodeGen,0.6,116,Type-2,0,0,False,False,
CodeGen,0.6,116,Type-3,0,0,False,False,
CodeGen,0.6,117,Type-1,0,0,False,False,
CodeGen,0.6,117,Type-2,0,0,False,False,
CodeGen,0.6,117,Type-3,0,0,False,False,
CodeGen,0.6,118,Type-1,0,0,False,False,
CodeGen,0.6,119,Type-1,0,0,False,False,
CodeGen,0.6,119,Type-2,0,0,False,False,
CodeGen,0.6,119,Type-3,0,0,False,False,
CodeGen,0.6,12,Type-1,0,0,False,False,
CodeGen,0.6,12,Type-2,0,0,False,False,
CodeGen,0.6,12,Type-3,0,0,False,False,
CodeGen,0.6,120,Type-1,0,0,False,False,
CodeGen,0.6,120,Type-2,0,0,False,False,
CodeGen,0.6,120,Type-3,0,0,False,False,
CodeGen,0.6,121,Type-1,0,0,False,False,
CodeGen,0.6,121,Type-2,0,0,False,False,
CodeGen,0.6,121,Type-3,0,0,False,False,
CodeGen,0.6,122,Type-1,0,0,False,False,
CodeGen,0.6,122,Type-2,0,0,False,False,
CodeGen,0.6,122,Type-3,0,0,False,False,
CodeGen,0.6,123,Type-1,0,0,False,False,
CodeGen,0.6,123,Type-2,0,0,False,False,
CodeGen,0.6,123,Type-3,0,0,False,False,
CodeGen,0.6,124,Type-1,0,0,False,False,
CodeGen,0.6,124,Type-2,0,0,False,False,
CodeGen,0.6,124,Type-3,0,0,False,False,
CodeGen,0.6,125,Type-1,0,0,False,False,
CodeGen,0.6,125,Type-2,0,0,False,False,
CodeGen,0.6,125,Type-3,0,0,False,False,
CodeGen,0.6,126,Type-1,0,0,False,False,
CodeGen,0.6,126,Type-2,0,0,False,False,
CodeGen,0.6,126,Type-3,0,0,False,False,
CodeGen,0.6,127,Type-1,0,0,False,False,
CodeGen,0.6,127,Type-2,0,0,False,False,
CodeGen,0.6,127,Type-3,0,0,False,False,
CodeGen,0.6,128,Type-1,0,0,False,False,
CodeGen,0.6,128,Type-2,0,0,False,False,
CodeGen,0.6,128,Type-3,0,0,False,False,
CodeGen,0.6,129,Type-1,0,0,False,False,
CodeGen,0.6,129,Type-2,0,0,False,False,
CodeGen,0.6,129,Type-3,0,0,False,False,
CodeGen,0.6,13,Type-1,0,0,False,False,
CodeGen,0.6,13,Type-2,0,0,False,False,
CodeGen,0.6,13,Type-3,0,0,False,False,
CodeGen,0.6,130,Type-1,0,0,False,False,
CodeGen,0.6,130,Type-2,0,0,False,False,
CodeGen,0.6,130,Type-3,0,0,False,False,
CodeGen,0.6,131,Type-1,0,0,False,False,
CodeGen,0.6,131,Type-2,0,0,False,False,
CodeGen,0.6,131,Type-3,0,0,False,False,
CodeGen,0.6,132,Type-1,0,0,False,False,
CodeGen,0.6,132,Type-2,0,0,False,False,
CodeGen,0.6,132,Type-3,0,0,False,False,
CodeGen,0.6,133,Type-1,0,0,False,False,
CodeGen,0.6,133,Type-2,0,0,False,False,
CodeGen,0.6,133,Type-3,0,0,False,False,
CodeGen,0.6,134,Type-1,0,0,False,False,
CodeGen,0.6,134,Type-2,0,0,False,False,
CodeGen,0.6,134,Type-3,0,0,False,False,
CodeGen,0.6,135,Type-1,0,0,False,False,
CodeGen,0.6,135,Type-2,0,0,False,False,
CodeGen,0.6,135,Type-3,0,0,False,False,
CodeGen,0.6,136,Type-1,0,0,False,False,
CodeGen,0.6,136,Type-2,0,0,False,False,
CodeGen,0.6,136,Type-3,0,0,False,False,
CodeGen,0.6,137,Type-1,0,0,False,False,
CodeGen,0.6,137,Type-2,0,0,False,False,
CodeGen,0.6,137,Type-3,0,0,False,False,
CodeGen,0.6,138,Type-1,0,0,False,False,
CodeGen,0.6,138,Type-2,0,0,False,False,
CodeGen,0.6,138,Type-3,0,0,False,False,
CodeGen,0.6,139,Type-1,0,0,False,False,
CodeGen,0.6,139,Type-2,0,0,False,False,
CodeGen,0.6,139,Type-3,1,1,True,False,Original_Files/139_.py#Files/139_16.py
CodeGen,0.6,14,Type-1,0,0,False,False,
CodeGen,0.6,14,Type-2,0,0,False,False,
CodeGen,0.6,14,Type-3,0,0,False,False,
CodeGen,0.6,140,Type-1,0,0,False,False,
CodeGen,0.6,140,Type-2,0,0,False,False,
CodeGen,0.6,140,Type-3,0,0,False,False,
CodeGen,0.6,141,Type-1,0,0,False,False,
CodeGen,0.6,141,Type-2,0,0,False,False,
CodeGen,0.6,141,Type-3,0,0,False,False,
CodeGen,0.6,142,Type-1,0,0,False,False,
CodeGen,0.6,142,Type-2,0,0,False,False,
CodeGen,0.6,142,Type-3,2,1,True,True,Original_Files/142_.py#Files/142_18.py#Files/142_P8_5.py
CodeGen,0.6,143,Type-1,0,0,False,False,
CodeGen,0.6,143,Type-2,0,0,False,False,
CodeGen,0.6,143,Type-3,0,0,False,False,
CodeGen,0.6,144,Type-1,0,0,False,False,
CodeGen,0.6,144,Type-2,0,0,False,False,
CodeGen,0.6,144,Type-3,0,0,False,False,
CodeGen,0.6,145,Type-1,0,0,False,False,
CodeGen,0.6,145,Type-2,0,0,False,False,
CodeGen,0.6,145,Type-3,0,0,False,False,
CodeGen,0.6,146,Type-1,0,0,False,False,
CodeGen,0.6,146,Type-2,0,0,False,False,
CodeGen,0.6,146,Type-3,0,0,False,False,
CodeGen,0.6,147,Type-1,0,0,False,False,
CodeGen,0.6,147,Type-2,0,0,False,False,
CodeGen,0.6,147,Type-3,0,0,False,False,
CodeGen,0.6,148,Type-1,0,0,False,False,
CodeGen,0.6,148,Type-2,0,0,False,False,
CodeGen,0.6,148,Type-3,0,0,False,False,
CodeGen,0.6,149,Type-1,0,0,False,False,
CodeGen,0.6,149,Type-2,0,0,False,False,
CodeGen,0.6,149,Type-3,2,1,True,False,Original_Files/149_.py#Files/149_12.py#Files/149_12.py
CodeGen,0.6,15,Type-1,0,0,False,False,
CodeGen,0.6,15,Type-2,0,0,False,False,
CodeGen,0.6,15,Type-3,0,0,False,False,
CodeGen,0.6,150,Type-1,0,0,False,False,
CodeGen,0.6,150,Type-2,0,0,False,False,
CodeGen,0.6,150,Type-3,0,0,False,False,
CodeGen,0.6,151,Type-1,0,0,False,False,
CodeGen,0.6,151,Type-2,0,0,False,False,
CodeGen,0.6,151,Type-3,0,0,False,False,
CodeGen,0.6,152,Type-1,0,0,False,False,
CodeGen,0.6,152,Type-2,0,0,False,False,
CodeGen,0.6,152,Type-3,0,0,False,False,
CodeGen,0.6,153,Type-1,0,0,False,False,
CodeGen,0.6,153,Type-2,0,0,False,False,
CodeGen,0.6,153,Type-3,0,0,False,False,
CodeGen,0.6,154,Type-1,0,0,False,False,
CodeGen,0.6,154,Type-2,0,0,False,False,
CodeGen,0.6,154,Type-3,0,0,False,False,
CodeGen,0.6,155,Type-1,0,0,False,False,
CodeGen,0.6,155,Type-2,0,0,False,False,
CodeGen,0.6,155,Type-3,2,1,True,False,Original_Files/155_.py#Files/155_17.py#Files/155_13.py
CodeGen,0.6,156,Type-1,0,0,False,False,
CodeGen,0.6,156,Type-2,0,0,False,False,
CodeGen,0.6,156,Type-3,0,0,False,False,
CodeGen,0.6,157,Type-1,0,0,False,False,
CodeGen,0.6,157,Type-2,0,0,False,False,
CodeGen,0.6,157,Type-3,0,0,False,False,
CodeGen,0.6,158,Type-1,0,0,False,False,
CodeGen,0.6,158,Type-2,0,0,False,False,
CodeGen,0.6,158,Type-3,0,0,False,False,
CodeGen,0.6,159,Type-1,0,0,False,False,
CodeGen,0.6,159,Type-2,0,0,False,False,
CodeGen,0.6,159,Type-3,3,1,True,True,Original_Files/159_.py#Files/159_16.py#Files/159_3.py#Files/159_P1_15.py
CodeGen,0.6,16,Type-1,0,0,False,False,
CodeGen,0.6,16,Type-2,0,0,False,False,
CodeGen,0.6,16,Type-3,0,0,False,False,
CodeGen,0.6,160,Type-1,0,0,False,False,
CodeGen,0.6,160,Type-2,0,0,False,False,
CodeGen,0.6,160,Type-3,0,0,False,False,
CodeGen,0.6,161,Type-1,0,0,False,False,
CodeGen,0.6,161,Type-2,0,0,False,False,
CodeGen,0.6,161,Type-3,0,0,False,False,
CodeGen,0.6,162,Type-1,0,0,False,False,
CodeGen,0.6,162,Type-2,0,0,False,False,
CodeGen,0.6,162,Type-3,0,0,False,False,
CodeGen,0.6,163,Type-1,0,0,False,False,
CodeGen,0.6,163,Type-2,0,0,False,False,
CodeGen,0.6,163,Type-3,0,0,False,False,
CodeGen,0.6,17,Type-1,0,0,False,False,
CodeGen,0.6,17,Type-2,0,0,False,False,
CodeGen,0.6,17,Type-3,0,0,False,False,
CodeGen,0.6,18,Type-1,0,0,False,False,
CodeGen,0.6,18,Type-2,1,1,False,True,Original_Files/18_.py#Files/18_P1_19.py
CodeGen,0.6,18,Type-3,2,1,True,True,Original_Files/18_.py#Files/18_5.py#Files/18_P1_19.py
CodeGen,0.6,19,Type-1,0,0,False,False,
CodeGen,0.6,19,Type-2,0,0,False,False,
CodeGen,0.6,19,Type-3,0,0,False,False,
CodeGen,0.6,2,Type-1,0,0,False,False,
CodeGen,0.6,2,Type-2,0,0,False,False,
CodeGen,0.6,2,Type-3,0,0,False,False,
CodeGen,0.6,20,Type-1,0,0,False,False,
CodeGen,0.6,20,Type-2,0,0,False,False,
CodeGen,0.6,20,Type-3,0,0,False,False,
CodeGen,0.6,21,Type-1,0,0,False,False,
CodeGen,0.6,21,Type-2,0,0,False,False,
CodeGen,0.6,21,Type-3,0,0,False,False,
CodeGen,0.6,22,Type-1,0,0,False,False,
CodeGen,0.6,22,Type-2,0,0,False,False,
CodeGen,0.6,22,Type-3,0,0,False,False,
CodeGen,0.6,23,Type-1,0,0,False,False,
CodeGen,0.6,23,Type-2,0,0,False,False,
CodeGen,0.6,23,Type-3,0,0,False,False,
CodeGen,0.6,24,Type-1,0,0,False,False,
CodeGen,0.6,24,Type-2,0,0,False,False,
CodeGen,0.6,24,Type-3,0,0,False,False,
CodeGen,0.6,25,Type-1,0,0,False,False,
CodeGen,0.6,25,Type-2,0,0,False,False,
CodeGen,0.6,25,Type-3,0,0,False,False,
CodeGen,0.6,26,Type-1,0,0,False,False,
CodeGen,0.6,26,Type-2,0,0,False,False,
CodeGen,0.6,26,Type-3,0,0,False,False,
CodeGen,0.6,27,Type-1,0,0,False,False,
CodeGen,0.6,27,Type-2,0,0,False,False,
CodeGen,0.6,27,Type-3,0,0,False,False,
CodeGen,0.6,28,Type-1,0,0,False,False,
CodeGen,0.6,28,Type-2,0,0,False,False,
CodeGen,0.6,28,Type-3,0,0,False,False,
CodeGen,0.6,29,Type-1,0,0,False,False,
CodeGen,0.6,29,Type-2,0,0,False,False,
CodeGen,0.6,29,Type-3,0,0,False,False,
CodeGen,0.6,3,Type-1,0,0,False,False,
CodeGen,0.6,3,Type-2,2,1,False,True,Original_Files/3_.py#Files/3_P1_16.py#Files/3_P1_6.py
CodeGen,0.6,3,Type-3,5,1,True,True,Original_Files/3_.py#Files/3_P1_18.py#Files/3_P1_6.py#Files/3_P1_16.py#Files/3_18.py#Files/3_P1_11.py
CodeGen,0.6,30,Type-1,0,0,False,False,
CodeGen,0.6,30,Type-2,0,0,False,False,
CodeGen,0.6,30,Type-3,0,0,False,False,
CodeGen,0.6,31,Type-1,0,0,False,False,
CodeGen,0.6,31,Type-2,0,0,False,False,
CodeGen,0.6,31,Type-3,2,1,False,True,Original_Files/31_.py#Files/31_P8_0.py#Files/31_P8_15.py
CodeGen,0.6,32,Type-1,0,0,False,False,
CodeGen,0.6,32,Type-2,0,0,False,False,
CodeGen,0.6,32,Type-3,0,0,False,False,
CodeGen,0.6,33,Type-1,0,0,False,False,
CodeGen,0.6,33,Type-2,0,0,False,False,
CodeGen,0.6,33,Type-3,0,0,False,False,
CodeGen,0.6,34,Type-1,0,0,False,False,
CodeGen,0.6,34,Type-2,0,0,False,False,
CodeGen,0.6,34,Type-3,0,0,False,False,
CodeGen,0.6,35,Type-1,0,0,False,False,
CodeGen,0.6,35,Type-2,1,1,True,False,Original_Files/35_.py#Files/35_1.py
CodeGen,0.6,35,Type-3,2,1,True,False,Original_Files/35_.py#Files/35_1.py#Files/35_1.py
CodeGen,0.6,36,Type-1,0,0,False,False,
CodeGen,0.6,36,Type-2,0,0,False,False,
CodeGen,0.6,36,Type-3,0,0,False,False,
CodeGen,0.6,37,Type-1,0,0,False,False,
CodeGen,0.6,37,Type-2,0,0,False,False,
CodeGen,0.6,37,Type-3,0,0,False,False,
CodeGen,0.6,38,Type-1,0,0,False,False,
CodeGen,0.6,38,Type-2,0,0,False,False,
CodeGen,0.6,38,Type-3,0,0,False,False,
CodeGen,0.6,39,Type-1,0,0,False,False,
CodeGen,0.6,39,Type-2,0,0,False,False,
CodeGen,0.6,39,Type-3,0,0,False,False,
CodeGen,0.6,4,Type-1,0,0,False,False,
CodeGen,0.6,4,Type-2,0,0,False,False,
CodeGen,0.6,4,Type-3,0,0,False,False,
CodeGen,0.6,40,Type-1,1,1,True,False,Original_Files/40_.py#Files/40_4.py
CodeGen,0.6,40,Type-2,1,1,True,False,Original_Files/40_.py#Files/40_4.py
CodeGen,0.6,40,Type-3,3,1,True,False,Original_Files/40_.py#Files/40_4.py#Files/40_7.py#Files/40_4.py
CodeGen,0.6,41,Type-1,0,0,False,False,
CodeGen,0.6,41,Type-2,0,0,False,False,
CodeGen,0.6,41,Type-3,0,0,False,False,
CodeGen,0.6,42,Type-1,0,0,False,False,
CodeGen,0.6,42,Type-2,0,0,False,False,
CodeGen,0.6,42,Type-3,0,0,False,False,
CodeGen,0.6,43,Type-1,0,0,False,False,
CodeGen,0.6,43,Type-2,0,0,False,False,
CodeGen,0.6,43,Type-3,0,0,False,False,
CodeGen,0.6,44,Type-1,0,0,False,False,
CodeGen,0.6,44,Type-2,0,0,False,False,
CodeGen,0.6,44,Type-3,1,1,True,False,Original_Files/44_.py#Files/44_9.py
CodeGen,0.6,45,Type-1,0,0,False,False,
CodeGen,0.6,45,Type-2,0,0,False,False,
CodeGen,0.6,45,Type-3,0,0,False,False,
CodeGen,0.6,46,Type-1,0,0,False,False,
CodeGen,0.6,46,Type-2,0,0,False,False,
CodeGen,0.6,46,Type-3,0,0,False,False,
CodeGen,0.6,47,Type-1,0,0,False,False,
CodeGen,0.6,47,Type-2,0,0,False,False,
CodeGen,0.6,47,Type-3,0,0,False,False,
CodeGen,0.6,48,Type-1,0,0,False,False,
CodeGen,0.6,48,Type-2,0,0,False,False,
CodeGen,0.6,48,Type-3,0,0,False,False,
CodeGen,0.6,49,Type-1,0,0,False,False,
CodeGen,0.6,49,Type-2,0,0,False,False,
CodeGen,0.6,49,Type-3,0,0,False,False,
CodeGen,0.6,5,Type-1,0,0,False,False,
CodeGen,0.6,5,Type-2,0,0,False,False,
CodeGen,0.6,5,Type-3,0,0,False,False,
CodeGen,0.6,50,Type-1,0,0,False,False,
CodeGen,0.6,50,Type-2,0,0,False,False,
CodeGen,0.6,50,Type-3,0,0,False,False,
CodeGen,0.6,51,Type-1,0,0,False,False,
CodeGen,0.6,51,Type-2,0,0,False,False,
CodeGen,0.6,51,Type-3,0,0,False,False,
CodeGen,0.6,52,Type-1,0,0,False,False,
CodeGen,0.6,52,Type-2,0,0,False,False,
CodeGen,0.6,52,Type-3,6,1,True,False,Original_Files/52_.py#Files/52_8.py#Files/52_4.py#Files/52_9.py#Files/52_1.py#Files/52_4.py#Files/52_4.py
CodeGen,0.6,53,Type-1,0,0,False,False,
CodeGen,0.6,53,Type-2,0,0,False,False,
CodeGen,0.6,53,Type-3,0,0,False,False,
CodeGen,0.6,54,Type-1,0,0,False,False,
CodeGen,0.6,54,Type-2,0,0,False,False,
CodeGen,0.6,54,Type-3,0,0,False,False,
CodeGen,0.6,55,Type-1,0,0,False,False,
CodeGen,0.6,55,Type-2,0,0,False,False,
CodeGen,0.6,55,Type-3,2,1,True,False,Original_Files/55_.py#Files/55_10.py#Files/55_18.py
CodeGen,0.6,56,Type-1,0,0,False,False,
CodeGen,0.6,56,Type-2,0,0,False,False,
CodeGen,0.6,56,Type-3,3,1,True,True,Original_Files/56_.py#Files/56_P8_2.py#Files/56_16.py#Files/56_P8_16.py
CodeGen,0.6,57,Type-1,0,0,False,False,
CodeGen,0.6,57,Type-2,0,0,False,False,
CodeGen,0.6,57,Type-3,0,0,False,False,
CodeGen,0.6,58,Type-1,0,0,False,False,
CodeGen,0.6,58,Type-2,0,0,False,False,
CodeGen,0.6,58,Type-3,0,0,False,False,
CodeGen,0.6,59,Type-1,0,0,False,False,
CodeGen,0.6,59,Type-2,0,0,False,False,
CodeGen,0.6,59,Type-3,1,1,False,True,Original_Files/59_.py#Files/59_P8_15.py
CodeGen,0.6,6,Type-1,0,0,False,False,
CodeGen,0.6,6,Type-2,0,0,False,False,
CodeGen,0.6,6,Type-3,0,0,False,False,
CodeGen,0.6,60,Type-1,0,0,False,False,
CodeGen,0.6,60,Type-2,0,0,False,False,
CodeGen,0.6,60,Type-3,0,0,False,False,
CodeGen,0.6,61,Type-1,0,0,False,False,
CodeGen,0.6,61,Type-2,1,1,True,False,Original_Files/61_.py#Files/61_6.py
CodeGen,0.6,61,Type-3,1,1,True,False,Original_Files/61_.py#Files/61_6.py
CodeGen,0.6,62,Type-1,0,0,False,False,
CodeGen,0.6,62,Type-2,0,0,False,False,
CodeGen,0.6,62,Type-3,0,0,False,False,
CodeGen,0.6,63,Type-1,0,0,False,False,
CodeGen,0.6,63,Type-2,0,0,False,False,
CodeGen,0.6,63,Type-3,0,0,False,False,
CodeGen,0.6,64,Type-1,0,0,False,False,
CodeGen,0.6,65,Type-1,0,0,False,False,
CodeGen,0.6,65,Type-2,0,0,False,False,
CodeGen,0.6,65,Type-3,1,1,True,False,Original_Files/65_.py#Files/65_4.py
CodeGen,0.6,66,Type-1,0,0,False,False,
CodeGen,0.6,66,Type-2,0,0,False,False,
CodeGen,0.6,66,Type-3,0,0,False,False,
CodeGen,0.6,67,Type-1,0,0,False,False,
CodeGen,0.6,67,Type-2,0,0,False,False,
CodeGen,0.6,67,Type-3,0,0,False,False,
CodeGen,0.6,68,Type-1,0,0,False,False,
CodeGen,0.6,68,Type-2,0,0,False,False,
CodeGen,0.6,68,Type-3,0,0,False,False,
CodeGen,0.6,69,Type-1,0,0,False,False,
CodeGen,0.6,69,Type-2,0,0,False,False,
CodeGen,0.6,69,Type-3,0,0,False,False,
CodeGen,0.6,7,Type-1,0,0,False,False,
CodeGen,0.6,7,Type-2,0,0,False,False,
CodeGen,0.6,7,Type-3,0,0,False,False,
CodeGen,0.6,70,Type-1,0,0,False,False,
CodeGen,0.6,70,Type-2,0,0,False,False,
CodeGen,0.6,70,Type-3,0,0,False,False,
CodeGen,0.6,71,Type-1,0,0,False,False,
CodeGen,0.6,71,Type-2,0,0,False,False,
CodeGen,0.6,71,Type-3,0,0,False,False,
CodeGen,0.6,72,Type-1,0,0,False,False,
CodeGen,0.6,72,Type-2,0,0,False,False,
CodeGen,0.6,72,Type-3,0,0,False,False,
CodeGen,0.6,73,Type-1,0,0,False,False,
CodeGen,0.6,73,Type-2,0,0,False,False,
CodeGen,0.6,73,Type-3,0,0,False,False,
CodeGen,0.6,74,Type-1,0,0,False,False,
CodeGen,0.6,74,Type-2,0,0,False,False,
CodeGen,0.6,74,Type-3,0,0,False,False,
CodeGen,0.6,75,Type-1,0,0,False,False,
CodeGen,0.6,75,Type-2,0,0,False,False,
CodeGen,0.6,75,Type-3,0,0,False,False,
CodeGen,0.6,76,Type-1,0,0,False,False,
CodeGen,0.6,76,Type-2,0,0,False,False,
CodeGen,0.6,76,Type-3,0,0,False,False,
CodeGen,0.6,77,Type-1,0,0,False,False,
CodeGen,0.6,77,Type-2,0,0,False,False,
CodeGen,0.6,77,Type-3,0,0,False,False,
CodeGen,0.6,78,Type-1,0,0,False,False,
CodeGen,0.6,78,Type-2,0,0,False,False,
CodeGen,0.6,78,Type-3,0,0,False,False,
CodeGen,0.6,79,Type-1,0,0,False,False,
CodeGen,0.6,79,Type-2,0,0,False,False,
CodeGen,0.6,79,Type-3,0,0,False,False,
CodeGen,0.6,8,Type-1,0,0,False,False,
CodeGen,0.6,8,Type-2,3,1,True,False,Original_Files/8_.py#Files/8_16.py#Files/8_13.py#Files/8_10.py
CodeGen,0.6,8,Type-3,4,1,True,False,Original_Files/8_.py#Files/8_16.py#Files/8_13.py#Files/8_10.py#Files/8_18.py
CodeGen,0.6,80,Type-1,0,0,False,False,
CodeGen,0.6,80,Type-2,0,0,False,False,
CodeGen,0.6,80,Type-3,4,1,True,True,Original_Files/80_.py#Files/80_P8_12.py#Files/80_P8_10.py#Files/80_2.py#Files/80_P8_15.py
CodeGen,0.6,81,Type-1,0,0,False,False,
CodeGen,0.6,81,Type-2,0,0,False,False,
CodeGen,0.6,81,Type-3,0,0,False,False,
CodeGen,0.6,82,Type-1,0,0,False,False,
CodeGen,0.6,82,Type-2,0,0,False,False,
CodeGen,0.6,82,Type-3,5,1,True,True,Original_Files/82_.py#Files/82_14.py#Files/82_P8_12.py#Files/82_13.py#Files/82_4.py#Files/82_8.py
CodeGen,0.6,83,Type-1,0,0,False,False,
CodeGen,0.6,83,Type-2,0,0,False,False,
CodeGen,0.6,83,Type-3,0,0,False,False,
CodeGen,0.6,84,Type-1,0,0,False,False,
CodeGen,0.6,84,Type-2,0,0,False,False,
CodeGen,0.6,84,Type-3,0,0,False,False,
CodeGen,0.6,85,Type-1,0,0,False,False,
CodeGen,0.6,85,Type-2,0,0,False,False,
CodeGen,0.6,85,Type-3,0,0,False,False,
CodeGen,0.6,86,Type-1,0,0,False,False,
CodeGen,0.6,86,Type-2,0,0,False,False,
CodeGen,0.6,86,Type-3,0,0,False,False,
CodeGen,0.6,87,Type-1,0,0,False,False,
CodeGen,0.6,87,Type-2,0,0,False,False,
CodeGen,0.6,87,Type-3,0,0,False,False,
CodeGen,0.6,88,Type-1,0,0,False,False,
CodeGen,0.6,88,Type-2,0,0,False,False,
CodeGen,0.6,88,Type-3,0,0,False,False,
CodeGen,0.6,89,Type-1,0,0,False,False,
CodeGen,0.6,89,Type-2,0,0,False,False,
CodeGen,0.6,89,Type-3,2,1,True,False,Original_Files/89_.py#Files/89_0.py#Files/89_0.py
CodeGen,0.6,9,Type-1,0,0,False,False,
CodeGen,0.6,9,Type-2,0,0,False,False,
CodeGen,0.6,9,Type-3,0,0,False,False,
CodeGen,0.6,90,Type-1,0,0,False,False,
CodeGen,0.6,90,Type-2,0,0,False,False,
CodeGen,0.6,90,Type-3,0,0,False,False,
CodeGen,0.6,91,Type-1,0,0,False,False,
CodeGen,0.6,91,Type-2,0,0,False,False,
CodeGen,0.6,91,Type-3,0,0,False,False,
CodeGen,0.6,92,Type-1,0,0,False,False,
CodeGen,0.6,92,Type-2,0,0,False,False,
CodeGen,0.6,92,Type-3,0,0,False,False,
CodeGen,0.6,93,Type-1,0,0,False,False,
CodeGen,0.6,93,Type-2,0,0,False,False,
CodeGen,0.6,93,Type-3,0,0,False,False,
CodeGen,0.6,94,Type-1,0,0,False,False,
CodeGen,0.6,94,Type-2,0,0,False,False,
CodeGen,0.6,94,Type-3,0,0,False,False,
CodeGen,0.6,95,Type-1,0,0,False,False,
CodeGen,0.6,95,Type-2,0,0,False,False,
CodeGen,0.6,95,Type-3,0,0,False,False,
CodeGen,0.6,96,Type-1,0,0,False,False,
CodeGen,0.6,96,Type-2,0,0,False,False,
CodeGen,0.6,96,Type-3,4,1,True,True,Original_Files/96_.py#Files/96_all_6.py#Files/96_9.py#Files/96_all_14.py#Files/96_6.py
CodeGen,0.6,97,Type-1,0,0,False,False,
CodeGen,0.6,97,Type-2,0,0,False,False,
CodeGen,0.6,97,Type-3,0,0,False,False,
CodeGen,0.6,98,Type-1,0,0,False,False,
CodeGen,0.6,98,Type-2,1,1,True,False,Original_Files/98_.py#Files/98_12.py
CodeGen,0.6,98,Type-3,3,1,True,False,Original_Files/98_.py#Files/98_5.py#Files/98_8.py#Files/98_12.py
CodeGen,0.6,99,Type-1,0,0,False,False,
CodeGen,0.6,99,Type-2,0,0,False,False,
CodeGen,0.6,99,Type-3,0,0,False,False,
CodeGen,0.2,0,Type-1,0,0,False,False,
CodeGen,0.2,0,Type-2,0,0,False,False,
CodeGen,0.2,0,Type-3,0,0,False,False,
CodeGen,0.2,1,Type-1,0,0,False,False,
CodeGen,0.2,1,Type-2,0,0,False,False,
CodeGen,0.2,1,Type-3,0,0,False,False,
CodeGen,0.2,10,Type-1,0,0,False,False,
CodeGen,0.2,10,Type-2,0,0,False,False,
CodeGen,0.2,10,Type-3,0,0,False,False,
CodeGen,0.2,100,Type-1,0,0,False,False,
CodeGen,0.2,101,Type-1,0,0,False,False,
CodeGen,0.2,102,Type-1,0,0,False,False,
CodeGen,0.2,102,Type-2,0,0,False,False,
CodeGen,0.2,102,Type-3,0,0,False,False,
CodeGen,0.2,103,Type-1,0,0,False,False,
CodeGen,0.2,103,Type-2,0,0,False,False,
CodeGen,0.2,103,Type-3,0,0,False,False,
CodeGen,0.2,104,Type-1,0,0,False,False,
CodeGen,0.2,104,Type-2,0,0,False,False,
CodeGen,0.2,104,Type-3,0,0,False,False,
CodeGen,0.2,105,Type-1,0,0,False,False,
CodeGen,0.2,105,Type-2,0,0,False,False,
CodeGen,0.2,105,Type-3,0,0,False,False,
CodeGen,0.2,106,Type-1,0,0,False,False,
CodeGen,0.2,106,Type-2,0,0,False,False,
CodeGen,0.2,106,Type-3,0,0,False,False,
CodeGen,0.2,107,Type-1,0,0,False,False,
CodeGen,0.2,107,Type-2,0,0,False,False,
CodeGen,0.2,107,Type-3,0,0,False,False,
CodeGen,0.2,108,Type-1,0,0,False,False,
CodeGen,0.2,108,Type-2,0,0,False,False,
CodeGen,0.2,108,Type-3,0,0,False,False,
CodeGen,0.2,109,Type-1,0,0,False,False,
CodeGen,0.2,109,Type-2,0,0,False,False,
CodeGen,0.2,109,Type-3,0,0,False,False,
CodeGen,0.2,11,Type-1,0,0,False,False,
CodeGen,0.2,11,Type-2,0,0,False,False,
CodeGen,0.2,11,Type-3,0,0,False,False,
CodeGen,0.2,110,Type-1,0,0,False,False,
CodeGen,0.2,110,Type-2,0,0,False,False,
CodeGen,0.2,110,Type-3,0,0,False,False,
CodeGen,0.2,111,Type-1,0,0,False,False,
CodeGen,0.2,111,Type-2,0,0,False,False,
CodeGen,0.2,111,Type-3,0,0,False,False,
CodeGen,0.2,112,Type-1,0,0,False,False,
CodeGen,0.2,112,Type-2,0,0,False,False,
CodeGen,0.2,112,Type-3,0,0,False,False,
CodeGen,0.2,113,Type-1,0,0,False,False,
CodeGen,0.2,114,Type-1,0,0,False,False,
CodeGen,0.2,114,Type-2,0,0,False,False,
CodeGen,0.2,114,Type-3,0,0,False,False,
CodeGen,0.2,115,Type-1,0,0,False,False,
CodeGen,0.2,115,Type-2,0,0,False,False,
CodeGen,0.2,115,Type-3,0,0,False,False,
CodeGen,0.2,116,Type-1,0,0,False,False,
CodeGen,0.2,116,Type-2,0,0,False,False,
CodeGen,0.2,116,Type-3,0,0,False,False,
CodeGen,0.2,117,Type-1,0,0,False,False,
CodeGen,0.2,117,Type-2,0,0,False,False,
CodeGen,0.2,117,Type-3,0,0,False,False,
CodeGen,0.2,118,Type-1,0,0,False,False,
CodeGen,0.2,119,Type-1,0,0,False,False,
CodeGen,0.2,119,Type-2,0,0,False,False,
CodeGen,0.2,119,Type-3,0,0,False,False,
CodeGen,0.2,12,Type-1,0,0,False,False,
CodeGen,0.2,12,Type-2,0,0,False,False,
CodeGen,0.2,12,Type-3,0,0,False,False,
CodeGen,0.2,120,Type-1,0,0,False,False,
CodeGen,0.2,120,Type-2,0,0,False,False,
CodeGen,0.2,120,Type-3,0,0,False,False,
CodeGen,0.2,121,Type-1,0,0,False,False,
CodeGen,0.2,121,Type-2,0,0,False,False,
CodeGen,0.2,121,Type-3,0,0,False,False,
CodeGen,0.2,122,Type-1,0,0,False,False,
CodeGen,0.2,122,Type-2,0,0,False,False,
CodeGen,0.2,122,Type-3,0,0,False,False,
CodeGen,0.2,123,Type-1,0,0,False,False,
CodeGen,0.2,124,Type-1,0,0,False,False,
CodeGen,0.2,124,Type-2,0,0,False,False,
CodeGen,0.2,124,Type-3,0,0,False,False,
CodeGen,0.2,125,Type-1,0,0,False,False,
CodeGen,0.2,125,Type-2,0,0,False,False,
CodeGen,0.2,125,Type-3,0,0,False,False,
CodeGen,0.2,126,Type-1,0,0,False,False,
CodeGen,0.2,126,Type-2,0,0,False,False,
CodeGen,0.2,126,Type-3,0,0,False,False,
CodeGen,0.2,127,Type-1,0,0,False,False,
CodeGen,0.2,127,Type-2,0,0,False,False,
CodeGen,0.2,127,Type-3,0,0,False,False,
CodeGen,0.2,128,Type-1,0,0,False,False,
CodeGen,0.2,128,Type-2,0,0,False,False,
CodeGen,0.2,128,Type-3,0,0,False,False,
CodeGen,0.2,129,Type-1,0,0,False,False,
CodeGen,0.2,129,Type-2,0,0,False,False,
CodeGen,0.2,129,Type-3,0,0,False,False,
CodeGen,0.2,13,Type-1,0,0,False,False,
CodeGen,0.2,13,Type-2,0,0,False,False,
CodeGen,0.2,13,Type-3,0,0,False,False,
CodeGen,0.2,130,Type-1,0,0,False,False,
CodeGen,0.2,130,Type-2,0,0,False,False,
CodeGen,0.2,130,Type-3,0,0,False,False,
CodeGen,0.2,131,Type-1,0,0,False,False,
CodeGen,0.2,131,Type-2,0,0,False,False,
CodeGen,0.2,131,Type-3,0,0,False,False,
CodeGen,0.2,132,Type-1,0,0,False,False,
CodeGen,0.2,132,Type-2,0,0,False,False,
CodeGen,0.2,132,Type-3,0,0,False,False,
CodeGen,0.2,133,Type-1,0,0,False,False,
CodeGen,0.2,134,Type-1,0,0,False,False,
CodeGen,0.2,134,Type-2,0,0,False,False,
CodeGen,0.2,134,Type-3,0,0,False,False,
CodeGen,0.2,135,Type-1,0,0,False,False,
CodeGen,0.2,135,Type-2,0,0,False,False,
CodeGen,0.2,135,Type-3,0,0,False,False,
CodeGen,0.2,136,Type-1,0,0,False,False,
CodeGen,0.2,136,Type-2,0,0,False,False,
CodeGen,0.2,136,Type-3,0,0,False,False,
CodeGen,0.2,137,Type-1,0,0,False,False,
CodeGen,0.2,137,Type-2,0,0,False,False,
CodeGen,0.2,137,Type-3,0,0,False,False,
CodeGen,0.2,138,Type-1,0,0,False,False,
CodeGen,0.2,138,Type-2,0,0,False,False,
CodeGen,0.2,138,Type-3,0,0,False,False,
CodeGen,0.2,139,Type-1,0,0,False,False,
CodeGen,0.2,139,Type-2,0,0,False,False,
CodeGen,0.2,139,Type-3,0,0,False,False,
CodeGen,0.2,14,Type-1,0,0,False,False,
CodeGen,0.2,14,Type-2,0,0,False,False,
CodeGen,0.2,14,Type-3,0,0,False,False,
CodeGen,0.2,140,Type-1,0,0,False,False,
CodeGen,0.2,140,Type-2,0,0,False,False,
CodeGen,0.2,140,Type-3,0,0,False,False,
CodeGen,0.2,141,Type-1,0,0,False,False,
CodeGen,0.2,141,Type-2,0,0,False,False,
CodeGen,0.2,141,Type-3,0,0,False,False,
CodeGen,0.2,142,Type-1,0,0,False,False,
CodeGen,0.2,142,Type-2,0,0,False,False,
CodeGen,0.2,142,Type-3,0,0,False,False,
CodeGen,0.2,143,Type-1,0,0,False,False,
CodeGen,0.2,143,Type-2,0,0,False,False,
CodeGen,0.2,143,Type-3,0,0,False,False,
CodeGen,0.2,144,Type-1,0,0,False,False,
CodeGen,0.2,144,Type-2,0,0,False,False,
CodeGen,0.2,144,Type-3,0,0,False,False,
CodeGen,0.2,145,Type-1,0,0,False,False,
CodeGen,0.2,145,Type-2,0,0,False,False,
CodeGen,0.2,145,Type-3,0,0,False,False,
CodeGen,0.2,146,Type-1,0,0,False,False,
CodeGen,0.2,146,Type-2,0,0,False,False,
CodeGen,0.2,146,Type-3,0,0,False,False,
CodeGen,0.2,147,Type-1,0,0,False,False,
CodeGen,0.2,147,Type-2,0,0,False,False,
CodeGen,0.2,147,Type-3,0,0,False,False,
CodeGen,0.2,148,Type-1,0,0,False,False,
CodeGen,0.2,148,Type-2,0,0,False,False,
CodeGen,0.2,148,Type-3,0,0,False,False,
CodeGen,0.2,149,Type-1,0,0,False,False,
CodeGen,0.2,149,Type-2,0,0,False,False,
CodeGen,0.2,149,Type-3,4,1,True,False,Original_Files/149_.py#Files/149_16.py#Files/149_19.py#Files/149_19.py#Files/149_16.py
CodeGen,0.2,15,Type-1,0,0,False,False,
CodeGen,0.2,15,Type-2,0,0,False,False,
CodeGen,0.2,15,Type-3,0,0,False,False,
CodeGen,0.2,150,Type-1,0,0,False,False,
CodeGen,0.2,150,Type-2,0,0,False,False,
CodeGen,0.2,150,Type-3,1,1,True,False,Original_Files/150_.py#Files/150_5.py
CodeGen,0.2,151,Type-1,0,0,False,False,
CodeGen,0.2,151,Type-2,0,0,False,False,
CodeGen,0.2,151,Type-3,0,0,False,False,
CodeGen,0.2,152,Type-1,0,0,False,False,
CodeGen,0.2,152,Type-2,0,0,False,False,
CodeGen,0.2,152,Type-3,0,0,False,False,
CodeGen,0.2,153,Type-1,0,0,False,False,
CodeGen,0.2,153,Type-2,0,0,False,False,
CodeGen,0.2,153,Type-3,0,0,False,False,
CodeGen,0.2,154,Type-1,0,0,False,False,
CodeGen,0.2,154,Type-2,0,0,False,False,
CodeGen,0.2,154,Type-3,0,0,False,False,
CodeGen,0.2,155,Type-1,0,0,False,False,
CodeGen,0.2,155,Type-2,0,0,False,False,
CodeGen,0.2,155,Type-3,5,1,True,False,Original_Files/155_.py#Files/155_10.py#Files/155_6.py#Files/155_6.py#Files/155_6.py#Files/155_11.py
CodeGen,0.2,156,Type-1,0,0,False,False,
CodeGen,0.2,156,Type-2,0,0,False,False,
CodeGen,0.2,156,Type-3,0,0,False,False,
CodeGen,0.2,157,Type-1,0,0,False,False,
CodeGen,0.2,157,Type-2,0,0,False,False,
CodeGen,0.2,157,Type-3,0,0,False,False,
CodeGen,0.2,158,Type-1,0,0,False,False,
CodeGen,0.2,158,Type-2,0,0,False,False,
CodeGen,0.2,158,Type-3,0,0,False,False,
CodeGen,0.2,159,Type-1,0,0,False,False,
CodeGen,0.2,159,Type-2,0,0,False,False,
CodeGen,0.2,159,Type-3,1,1,True,False,Original_Files/159_.py#Files/159_10.py
CodeGen,0.2,16,Type-1,0,0,False,False,
CodeGen,0.2,16,Type-2,0,0,False,False,
CodeGen,0.2,16,Type-3,0,0,False,False,
CodeGen,0.2,160,Type-1,0,0,False,False,
CodeGen,0.2,160,Type-2,0,0,False,False,
CodeGen,0.2,160,Type-3,0,0,False,False,
CodeGen,0.2,161,Type-1,0,0,False,False,
CodeGen,0.2,161,Type-2,0,0,False,False,
CodeGen,0.2,161,Type-3,0,0,False,False,
CodeGen,0.2,162,Type-1,0,0,False,False,
CodeGen,0.2,162,Type-2,0,0,False,False,
CodeGen,0.2,162,Type-3,0,0,False,False,
CodeGen,0.2,163,Type-1,0,0,False,False,
CodeGen,0.2,163,Type-2,0,0,False,False,
CodeGen,0.2,163,Type-3,0,0,False,False,
CodeGen,0.2,17,Type-1,0,0,False,False,
CodeGen,0.2,17,Type-2,0,0,False,False,
CodeGen,0.2,17,Type-3,0,0,False,False,
CodeGen,0.2,18,Type-1,0,0,False,False,
CodeGen,0.2,18,Type-2,0,0,False,False,
CodeGen,0.2,18,Type-3,0,0,False,False,
CodeGen,0.2,19,Type-1,0,0,False,False,
CodeGen,0.2,19,Type-2,0,0,False,False,
CodeGen,0.2,19,Type-3,0,0,False,False,
CodeGen,0.2,2,Type-1,0,0,False,False,
CodeGen,0.2,2,Type-2,0,0,False,False,
CodeGen,0.2,2,Type-3,0,0,False,False,
CodeGen,0.2,20,Type-1,0,0,False,False,
CodeGen,0.2,20,Type-2,0,0,False,False,
CodeGen,0.2,20,Type-3,0,0,False,False,
CodeGen,0.2,21,Type-1,0,0,False,False,
CodeGen,0.2,21,Type-2,0,0,False,False,
CodeGen,0.2,21,Type-3,0,0,False,False,
CodeGen,0.2,22,Type-1,0,0,False,False,
CodeGen,0.2,23,Type-1,0,0,False,False,
CodeGen,0.2,23,Type-2,0,0,False,False,
CodeGen,0.2,23,Type-3,0,0,False,False,
CodeGen,0.2,24,Type-1,0,0,False,False,
CodeGen,0.2,24,Type-2,0,0,False,False,
CodeGen,0.2,24,Type-3,0,0,False,False,
CodeGen,0.2,25,Type-1,0,0,False,False,
CodeGen,0.2,25,Type-2,0,0,False,False,
CodeGen,0.2,25,Type-3,0,0,False,False,
CodeGen,0.2,26,Type-1,0,0,False,False,
CodeGen,0.2,26,Type-2,0,0,False,False,
CodeGen,0.2,26,Type-3,0,0,False,False,
CodeGen,0.2,27,Type-1,0,0,False,False,
CodeGen,0.2,27,Type-2,0,0,False,False,
CodeGen,0.2,27,Type-3,0,0,False,False,
CodeGen,0.2,28,Type-1,0,0,False,False,
CodeGen,0.2,28,Type-2,0,0,False,False,
CodeGen,0.2,28,Type-3,0,0,False,False,
CodeGen,0.2,29,Type-1,0,0,False,False,
CodeGen,0.2,3,Type-1,0,0,False,False,
CodeGen,0.2,3,Type-2,1,1,True,False,Original_Files/3_.py#Files/3_14.py
CodeGen,0.2,3,Type-3,1,1,True,False,Original_Files/3_.py#Files/3_14.py
CodeGen,0.2,30,Type-1,0,0,False,False,
CodeGen,0.2,31,Type-1,0,0,False,False,
CodeGen,0.2,31,Type-2,0,0,False,False,
CodeGen,0.2,31,Type-3,0,0,False,False,
CodeGen,0.2,32,Type-1,0,0,False,False,
CodeGen,0.2,32,Type-2,0,0,False,False,
CodeGen,0.2,32,Type-3,0,0,False,False,
CodeGen,0.2,33,Type-1,0,0,False,False,
CodeGen,0.2,33,Type-2,0,0,False,False,
CodeGen,0.2,33,Type-3,0,0,False,False,
CodeGen,0.2,34,Type-1,0,0,False,False,
CodeGen,0.2,34,Type-2,0,0,False,False,
CodeGen,0.2,34,Type-3,0,0,False,False,
CodeGen,0.2,35,Type-1,0,0,False,False,
CodeGen,0.2,35,Type-2,1,1,True,False,Original_Files/35_.py#Files/35_16.py
CodeGen,0.2,35,Type-3,3,1,True,True,Original_Files/35_.py#Files/35_P8_3.py#Files/35_16.py#Files/35_16.py
CodeGen,0.2,36,Type-1,0,0,False,False,
CodeGen,0.2,36,Type-2,0,0,False,False,
CodeGen,0.2,36,Type-3,0,0,False,False,
CodeGen,0.2,37,Type-1,0,0,False,False,
CodeGen,0.2,37,Type-2,0,0,False,False,
CodeGen,0.2,37,Type-3,0,0,False,False,
CodeGen,0.2,38,Type-1,0,0,False,False,
CodeGen,0.2,38,Type-2,0,0,False,False,
CodeGen,0.2,38,Type-3,0,0,False,False,
CodeGen,0.2,39,Type-1,0,0,False,False,
CodeGen,0.2,39,Type-2,0,0,False,False,
CodeGen,0.2,39,Type-3,0,0,False,False,
CodeGen,0.2,4,Type-1,0,0,False,False,
CodeGen,0.2,4,Type-2,0,0,False,False,
CodeGen,0.2,4,Type-3,0,0,False,False,
CodeGen,0.2,40,Type-1,0,0,False,False,
CodeGen,0.2,40,Type-2,0,0,False,False,
CodeGen,0.2,40,Type-3,0,0,False,False,
CodeGen,0.2,41,Type-1,0,0,False,False,
CodeGen,0.2,41,Type-2,0,0,False,False,
CodeGen,0.2,41,Type-3,0,0,False,False,
CodeGen,0.2,42,Type-1,0,0,False,False,
CodeGen,0.2,42,Type-2,0,0,False,False,
CodeGen,0.2,42,Type-3,0,0,False,False,
CodeGen,0.2,43,Type-1,0,0,False,False,
CodeGen,0.2,43,Type-2,0,0,False,False,
CodeGen,0.2,43,Type-3,0,0,False,False,
CodeGen,0.2,44,Type-1,0,0,False,False,
CodeGen,0.2,44,Type-2,0,0,False,False,
CodeGen,0.2,44,Type-3,0,0,False,False,
CodeGen,0.2,45,Type-1,0,0,False,False,
CodeGen,0.2,45,Type-2,0,0,False,False,
CodeGen,0.2,45,Type-3,0,0,False,False,
CodeGen,0.2,46,Type-1,0,0,False,False,
CodeGen,0.2,46,Type-2,0,0,False,False,
CodeGen,0.2,46,Type-3,0,0,False,False,
CodeGen,0.2,47,Type-1,0,0,False,False,
CodeGen,0.2,47,Type-2,0,0,False,False,
CodeGen,0.2,47,Type-3,0,0,False,False,
CodeGen,0.2,48,Type-1,0,0,False,False,
CodeGen,0.2,48,Type-2,0,0,False,False,
CodeGen,0.2,48,Type-3,0,0,False,False,
CodeGen,0.2,49,Type-1,0,0,False,False,
CodeGen,0.2,49,Type-2,0,0,False,False,
CodeGen,0.2,49,Type-3,0,0,False,False,
CodeGen,0.2,5,Type-1,0,0,False,False,
CodeGen,0.2,5,Type-2,0,0,False,False,
CodeGen,0.2,5,Type-3,0,0,False,False,
CodeGen,0.2,50,Type-1,0,0,False,False,
CodeGen,0.2,50,Type-2,0,0,False,False,
CodeGen,0.2,50,Type-3,0,0,False,False,
CodeGen,0.2,51,Type-1,0,0,False,False,
CodeGen,0.2,52,Type-1,0,0,False,False,
CodeGen,0.2,53,Type-1,0,0,False,False,
CodeGen,0.2,53,Type-2,0,0,False,False,
CodeGen,0.2,53,Type-3,0,0,False,False,
CodeGen,0.2,54,Type-1,0,0,False,False,
CodeGen,0.2,55,Type-1,0,0,False,False,
CodeGen,0.2,55,Type-2,0,0,False,False,
CodeGen,0.2,55,Type-3,0,0,False,False,
CodeGen,0.2,56,Type-1,0,0,False,False,
CodeGen,0.2,56,Type-2,0,0,False,False,
CodeGen,0.2,56,Type-3,1,1,False,True,Original_Files/56_.py#Files/56_P8_16.py
CodeGen,0.2,57,Type-1,0,0,False,False,
CodeGen,0.2,57,Type-2,0,0,False,False,
CodeGen,0.2,57,Type-3,0,0,False,False,
CodeGen,0.2,58,Type-1,0,0,False,False,
CodeGen,0.2,58,Type-2,0,0,False,False,
CodeGen,0.2,58,Type-3,0,0,False,False,
CodeGen,0.2,59,Type-1,0,0,False,False,
CodeGen,0.2,59,Type-2,0,0,False,False,
CodeGen,0.2,59,Type-3,0,0,False,False,
CodeGen,0.2,6,Type-1,0,0,False,False,
CodeGen,0.2,6,Type-2,0,0,False,False,
CodeGen,0.2,6,Type-3,0,0,False,False,
CodeGen,0.2,60,Type-1,0,0,False,False,
CodeGen,0.2,60,Type-2,0,0,False,False,
CodeGen,0.2,60,Type-3,0,0,False,False,
CodeGen,0.2,61,Type-1,0,0,False,False,
CodeGen,0.2,61,Type-2,0,0,False,False,
CodeGen,0.2,61,Type-3,2,1,False,True,Original_Files/61_.py#Files/61_P8_4.py#Files/61_P8_4.py
CodeGen,0.2,62,Type-1,0,0,False,False,
CodeGen,0.2,62,Type-2,0,0,False,False,
CodeGen,0.2,62,Type-3,0,0,False,False,
CodeGen,0.2,63,Type-1,1,1,True,False,Original_Files/63_.py#Files/63_4.py
CodeGen,0.2,63,Type-2,1,1,True,False,Original_Files/63_.py#Files/63_4.py
CodeGen,0.2,63,Type-3,1,1,True,False,Original_Files/63_.py#Files/63_4.py
CodeGen,0.2,64,Type-1,0,0,False,False,
CodeGen,0.2,65,Type-1,0,0,False,False,
CodeGen,0.2,65,Type-2,0,0,False,False,
CodeGen,0.2,65,Type-3,0,0,False,False,
CodeGen,0.2,66,Type-1,0,0,False,False,
CodeGen,0.2,66,Type-2,0,0,False,False,
CodeGen,0.2,66,Type-3,0,0,False,False,
CodeGen,0.2,67,Type-1,0,0,False,False,
CodeGen,0.2,67,Type-2,0,0,False,False,
CodeGen,0.2,67,Type-3,0,0,False,False,
CodeGen,0.2,68,Type-1,0,0,False,False,
CodeGen,0.2,69,Type-1,0,0,False,False,
CodeGen,0.2,69,Type-2,0,0,False,False,
CodeGen,0.2,69,Type-3,0,0,False,False,
CodeGen,0.2,7,Type-1,0,0,False,False,
CodeGen,0.2,70,Type-1,0,0,False,False,
CodeGen,0.2,70,Type-2,0,0,False,False,
CodeGen,0.2,70,Type-3,0,0,False,False,
CodeGen,0.2,71,Type-1,0,0,False,False,
CodeGen,0.2,71,Type-2,0,0,False,False,
CodeGen,0.2,71,Type-3,0,0,False,False,
CodeGen,0.2,72,Type-1,0,0,False,False,
CodeGen,0.2,72,Type-2,0,0,False,False,
CodeGen,0.2,72,Type-3,0,0,False,False,
CodeGen,0.2,73,Type-1,0,0,False,False,
CodeGen,0.2,73,Type-2,0,0,False,False,
CodeGen,0.2,73,Type-3,0,0,False,False,
CodeGen,0.2,74,Type-1,0,0,False,False,
CodeGen,0.2,75,Type-1,0,0,False,False,
CodeGen,0.2,75,Type-2,0,0,False,False,
CodeGen,0.2,75,Type-3,0,0,False,False,
CodeGen,0.2,76,Type-1,0,0,False,False,
CodeGen,0.2,76,Type-2,0,0,False,False,
CodeGen,0.2,76,Type-3,0,0,False,False,
CodeGen,0.2,77,Type-1,0,0,False,False,
CodeGen,0.2,77,Type-2,0,0,False,False,
CodeGen,0.2,77,Type-3,0,0,False,False,
CodeGen,0.2,78,Type-1,0,0,False,False,
CodeGen,0.2,78,Type-2,0,0,False,False,
CodeGen,0.2,78,Type-3,0,0,False,False,
CodeGen,0.2,79,Type-1,0,0,False,False,
CodeGen,0.2,79,Type-2,0,0,False,False,
CodeGen,0.2,79,Type-3,0,0,False,False,
CodeGen,0.2,8,Type-1,0,0,False,False,
CodeGen,0.2,8,Type-2,6,1,True,False,Original_Files/8_.py#Files/8_19.py#Files/8_0.py#Files/8_8.py#Files/8_15.py#Files/8_15.py#Files/8_1.py
CodeGen,0.2,8,Type-3,7,1,True,False,Original_Files/8_.py#Files/8_19.py#Files/8_0.py#Files/8_8.py#Files/8_1.py#Files/8_15.py#Files/8_15.py#Files/8_15.py
CodeGen,0.2,80,Type-1,0,0,False,False,
CodeGen,0.2,80,Type-2,0,0,False,False,
CodeGen,0.2,80,Type-3,4,1,True,False,Original_Files/80_.py#Files/80_2.py#Files/80_6.py#Files/80_2.py#Files/80_6.py
CodeGen,0.2,81,Type-1,0,0,False,False,
CodeGen,0.2,81,Type-2,0,0,False,False,
CodeGen,0.2,81,Type-3,0,0,False,False,
CodeGen,0.2,82,Type-1,0,0,False,False,
CodeGen,0.2,82,Type-2,0,0,False,False,
CodeGen,0.2,82,Type-3,0,0,False,False,
CodeGen,0.2,83,Type-1,0,0,False,False,
CodeGen,0.2,83,Type-2,0,0,False,False,
CodeGen,0.2,83,Type-3,0,0,False,False,
CodeGen,0.2,84,Type-1,0,0,False,False,
CodeGen,0.2,84,Type-2,0,0,False,False,
CodeGen,0.2,84,Type-3,0,0,False,False,
CodeGen,0.2,85,Type-1,0,0,False,False,
CodeGen,0.2,85,Type-2,0,0,False,False,
CodeGen,0.2,85,Type-3,0,0,False,False,
CodeGen,0.2,86,Type-1,0,0,False,False,
CodeGen,0.2,86,Type-2,0,0,False,False,
CodeGen,0.2,86,Type-3,0,0,False,False,
CodeGen,0.2,87,Type-1,0,0,False,False,
CodeGen,0.2,88,Type-1,0,0,False,False,
CodeGen,0.2,88,Type-2,0,0,False,False,
CodeGen,0.2,88,Type-3,0,0,False,False,
CodeGen,0.2,89,Type-1,0,0,False,False,
CodeGen,0.2,89,Type-2,0,0,False,False,
CodeGen,0.2,89,Type-3,4,1,True,False,Original_Files/89_.py#Files/89_13.py#Files/89_13.py#Files/89_19.py#Files/89_19.py
CodeGen,0.2,9,Type-1,0,0,False,False,
CodeGen,0.2,9,Type-2,0,0,False,False,
CodeGen,0.2,9,Type-3,0,0,False,False,
CodeGen,0.2,90,Type-1,0,0,False,False,
CodeGen,0.2,90,Type-2,0,0,False,False,
CodeGen,0.2,90,Type-3,0,0,False,False,
CodeGen,0.2,91,Type-1,0,0,False,False,
CodeGen,0.2,91,Type-2,0,0,False,False,
CodeGen,0.2,91,Type-3,0,0,False,False,
CodeGen,0.2,92,Type-1,0,0,False,False,
CodeGen,0.2,92,Type-2,0,0,False,False,
CodeGen,0.2,92,Type-3,0,0,False,False,
CodeGen,0.2,93,Type-1,0,0,False,False,
CodeGen,0.2,93,Type-2,0,0,False,False,
CodeGen,0.2,93,Type-3,0,0,False,False,
CodeGen,0.2,94,Type-1,0,0,False,False,
CodeGen,0.2,94,Type-2,0,0,False,False,
CodeGen,0.2,94,Type-3,0,0,False,False,
CodeGen,0.2,95,Type-1,0,0,False,False,
CodeGen,0.2,95,Type-2,0,0,False,False,
CodeGen,0.2,95,Type-3,0,0,False,False,
CodeGen,0.2,96,Type-1,0,0,False,False,
CodeGen,0.2,96,Type-2,0,0,False,False,
CodeGen,0.2,96,Type-3,0,0,False,False,
CodeGen,0.2,97,Type-1,0,0,False,False,
CodeGen,0.2,97,Type-2,0,0,False,False,
CodeGen,0.2,97,Type-3,0,0,False,False,
CodeGen,0.2,98,Type-1,0,0,False,False,
CodeGen,0.2,98,Type-2,0,0,False,False,
CodeGen,0.2,98,Type-3,1,1,False,True,Original_Files/98_.py#Files/98_P8_10.py
CodeGen,0.2,99,Type-1,0,0,False,False,
CodeGen,0.2,99,Type-2,0,0,False,False,
CodeGen,0.2,99,Type-3,0,0,False,False,
StarCoder,0.2,0,Type-1,0,0,False,False,
StarCoder,0.2,0,Type-2,0,0,False,False,
StarCoder,0.2,0,Type-3,0,0,False,False,
StarCoder,0.2,1,Type-1,0,0,False,False,
StarCoder,0.2,10,Type-1,0,0,False,False,
StarCoder,0.2,10,Type-2,0,0,False,False,
StarCoder,0.2,10,Type-3,0,0,False,False,
StarCoder,0.2,100,Type-1,0,0,False,False,
StarCoder,0.2,101,Type-1,0,0,False,False,
StarCoder,0.2,102,Type-1,0,0,False,False,
StarCoder,0.2,103,Type-1,0,0,False,False,
StarCoder,0.2,103,Type-2,0,0,False,False,
StarCoder,0.2,103,Type-3,0,0,False,False,
StarCoder,0.2,104,Type-1,0,0,False,False,
StarCoder,0.2,105,Type-1,0,0,False,False,
StarCoder,0.2,106,Type-1,0,0,False,False,
StarCoder,0.2,106,Type-2,0,0,False,False,
StarCoder,0.2,106,Type-3,0,0,False,False,
StarCoder,0.2,107,Type-1,0,0,False,False,
StarCoder,0.2,108,Type-1,0,0,False,False,
StarCoder,0.2,109,Type-1,0,0,False,False,
StarCoder,0.2,109,Type-2,0,0,False,False,
StarCoder,0.2,109,Type-3,0,0,False,False,
StarCoder,0.2,11,Type-1,0,0,False,False,
StarCoder,0.2,11,Type-2,0,0,False,False,
StarCoder,0.2,11,Type-3,0,0,False,False,
StarCoder,0.2,110,Type-1,0,0,False,False,
StarCoder,0.2,110,Type-2,0,0,False,False,
StarCoder,0.2,110,Type-3,0,0,False,False,
StarCoder,0.2,111,Type-1,0,0,False,False,
StarCoder,0.2,112,Type-1,0,0,False,False,
StarCoder,0.2,112,Type-2,0,0,False,False,
StarCoder,0.2,112,Type-3,0,0,False,False,
StarCoder,0.2,113,Type-1,0,0,False,False,
StarCoder,0.2,114,Type-1,0,0,False,False,
StarCoder,0.2,115,Type-1,0,0,False,False,
StarCoder,0.2,115,Type-2,0,0,False,False,
StarCoder,0.2,115,Type-3,0,0,False,False,
StarCoder,0.2,116,Type-1,0,0,False,False,
StarCoder,0.2,117,Type-1,0,0,False,False,
StarCoder,0.2,118,Type-1,0,0,False,False,
StarCoder,0.2,119,Type-1,0,0,False,False,
StarCoder,0.2,12,Type-1,0,0,False,False,
StarCoder,0.2,120,Type-1,0,0,False,False,
StarCoder,0.2,120,Type-2,0,0,False,False,
StarCoder,0.2,120,Type-3,0,0,False,False,
StarCoder,0.2,121,Type-1,0,0,False,False,
StarCoder,0.2,121,Type-2,0,0,False,False,
StarCoder,0.2,121,Type-3,0,0,False,False,
StarCoder,0.2,122,Type-1,0,0,False,False,
StarCoder,0.2,123,Type-1,0,0,False,False,
StarCoder,0.2,124,Type-1,0,0,False,False,
StarCoder,0.2,124,Type-2,0,0,False,False,
StarCoder,0.2,124,Type-3,0,0,False,False,
StarCoder,0.2,125,Type-1,0,0,False,False,
StarCoder,0.2,125,Type-2,0,0,False,False,
StarCoder,0.2,125,Type-3,0,0,False,False,
StarCoder,0.2,126,Type-1,0,0,False,False,
StarCoder,0.2,126,Type-2,0,0,False,False,
StarCoder,0.2,126,Type-3,0,0,False,False,
StarCoder,0.2,127,Type-1,0,0,False,False,
StarCoder,0.2,128,Type-1,0,0,False,False,
StarCoder,0.2,129,Type-1,0,0,False,False,
StarCoder,0.2,13,Type-1,0,0,False,False,
StarCoder,0.2,130,Type-1,0,0,False,False,
StarCoder,0.2,130,Type-2,0,0,False,False,
StarCoder,0.2,130,Type-3,0,0,False,False,
StarCoder,0.2,131,Type-1,0,0,False,False,
StarCoder,0.2,132,Type-1,0,0,False,False,
StarCoder,0.2,132,Type-2,0,0,False,False,
StarCoder,0.2,132,Type-3,0,0,False,False,
StarCoder,0.2,133,Type-1,0,0,False,False,
StarCoder,0.2,133,Type-2,0,0,False,False,
StarCoder,0.2,133,Type-3,0,0,False,False,
StarCoder,0.2,134,Type-1,0,0,False,False,
StarCoder,0.2,134,Type-2,0,0,False,False,
StarCoder,0.2,134,Type-3,0,0,False,False,
StarCoder,0.2,135,Type-1,0,0,False,False,
StarCoder,0.2,136,Type-1,0,0,False,False,
StarCoder,0.2,136,Type-2,0,0,False,False,
StarCoder,0.2,136,Type-3,0,0,False,False,
StarCoder,0.2,137,Type-1,0,0,False,False,
StarCoder,0.2,138,Type-1,0,0,False,False,
StarCoder,0.2,139,Type-1,0,0,False,False,
StarCoder,0.2,14,Type-1,0,0,False,False,
StarCoder,0.2,140,Type-1,0,0,False,False,
StarCoder,0.2,140,Type-2,0,0,False,False,
StarCoder,0.2,140,Type-3,0,0,False,False,
StarCoder,0.2,141,Type-1,0,0,False,False,
StarCoder,0.2,141,Type-2,0,0,False,False,
StarCoder,0.2,141,Type-3,0,0,False,False,
StarCoder,0.2,142,Type-1,0,0,False,False,
StarCoder,0.2,142,Type-2,0,0,False,False,
StarCoder,0.2,142,Type-3,0,0,False,False,
StarCoder,0.2,143,Type-1,0,0,False,False,
StarCoder,0.2,144,Type-1,0,0,False,False,
StarCoder,0.2,145,Type-1,0,0,False,False,
StarCoder,0.2,146,Type-1,0,0,False,False,
StarCoder,0.2,147,Type-1,0,0,False,False,
StarCoder,0.2,148,Type-1,0,0,False,False,
StarCoder,0.2,148,Type-2,0,0,False,False,
StarCoder,0.2,148,Type-3,0,0,False,False,
StarCoder,0.2,149,Type-1,0,0,False,False,
StarCoder,0.2,15,Type-1,0,0,False,False,
StarCoder,0.2,150,Type-1,0,0,False,False,
StarCoder,0.2,151,Type-1,0,0,False,False,
StarCoder,0.2,151,Type-2,0,0,False,False,
StarCoder,0.2,151,Type-3,0,0,False,False,
StarCoder,0.2,152,Type-1,0,0,False,False,
StarCoder,0.2,152,Type-2,0,0,False,False,
StarCoder,0.2,152,Type-3,0,0,False,False,
StarCoder,0.2,153,Type-1,0,0,False,False,
StarCoder,0.2,153,Type-2,0,0,False,False,
StarCoder,0.2,153,Type-3,0,0,False,False,
StarCoder,0.2,154,Type-1,0,0,False,False,
StarCoder,0.2,155,Type-1,0,0,False,False,
StarCoder,0.2,156,Type-1,0,0,False,False,
StarCoder,0.2,157,Type-1,0,0,False,False,
StarCoder,0.2,158,Type-1,0,0,False,False,
StarCoder,0.2,159,Type-1,0,0,False,False,
StarCoder,0.2,159,Type-2,0,0,False,False,
StarCoder,0.2,159,Type-3,0,0,False,False,
StarCoder,0.2,16,Type-1,0,0,False,False,
StarCoder,0.2,160,Type-1,0,0,False,False,
StarCoder,0.2,160,Type-2,0,0,False,False,
StarCoder,0.2,160,Type-3,0,0,False,False,
StarCoder,0.2,161,Type-1,0,0,False,False,
StarCoder,0.2,162,Type-1,0,0,False,False,
StarCoder,0.2,163,Type-1,0,0,False,False,
StarCoder,0.2,17,Type-1,0,0,False,False,
StarCoder,0.2,18,Type-1,0,0,False,False,
StarCoder,0.2,18,Type-2,0,0,False,False,
StarCoder,0.2,18,Type-3,0,0,False,False,
StarCoder,0.2,19,Type-1,0,0,False,False,
StarCoder,0.2,19,Type-2,0,0,False,False,
StarCoder,0.2,19,Type-3,0,0,False,False,
StarCoder,0.2,2,Type-1,0,0,False,False,
StarCoder,0.2,2,Type-2,0,0,False,False,
StarCoder,0.2,2,Type-3,0,0,False,False,
StarCoder,0.2,20,Type-1,0,0,False,False,
StarCoder,0.2,21,Type-1,0,0,False,False,
StarCoder,0.2,22,Type-1,0,0,False,False,
StarCoder,0.2,22,Type-2,0,0,False,False,
StarCoder,0.2,22,Type-3,0,0,False,False,
StarCoder,0.2,23,Type-1,0,0,False,False,
StarCoder,0.2,24,Type-1,0,0,False,False,
StarCoder,0.2,25,Type-1,0,0,False,False,
StarCoder,0.2,26,Type-1,0,0,False,False,
StarCoder,0.2,27,Type-1,0,0,False,False,
StarCoder,0.2,28,Type-1,0,0,False,False,
StarCoder,0.2,28,Type-2,0,0,False,False,
StarCoder,0.2,28,Type-3,0,0,False,False,
StarCoder,0.2,29,Type-1,0,0,False,False,
StarCoder,0.2,29,Type-2,0,0,False,False,
StarCoder,0.2,29,Type-3,0,0,False,False,
StarCoder,0.2,3,Type-1,0,0,False,False,
StarCoder,0.2,30,Type-1,0,0,False,False,
StarCoder,0.2,31,Type-1,0,0,False,False,
StarCoder,0.2,31,Type-2,0,0,False,False,
StarCoder,0.2,31,Type-3,2,1,True,False,Original_Files/31_.py#Files/31_13.py#Files/31_13.py
StarCoder,0.2,32,Type-1,0,0,False,False,
StarCoder,0.2,32,Type-2,0,0,False,False,
StarCoder,0.2,32,Type-3,0,0,False,False,
StarCoder,0.2,33,Type-1,0,0,False,False,
StarCoder,0.2,33,Type-2,0,0,False,False,
StarCoder,0.2,33,Type-3,0,0,False,False,
StarCoder,0.2,34,Type-1,0,0,False,False,
StarCoder,0.2,34,Type-2,0,0,False,False,
StarCoder,0.2,34,Type-3,0,0,False,False,
StarCoder,0.2,35,Type-1,0,0,False,False,
StarCoder,0.2,36,Type-1,0,0,False,False,
StarCoder,0.2,37,Type-1,0,0,False,False,
StarCoder,0.2,38,Type-1,0,0,False,False,
StarCoder,0.2,39,Type-1,0,0,False,False,
StarCoder,0.2,39,Type-2,0,0,False,False,
StarCoder,0.2,39,Type-3,0,0,False,False,
StarCoder,0.2,4,Type-1,0,0,False,False,
StarCoder,0.2,40,Type-1,0,0,False,False,
StarCoder,0.2,40,Type-2,0,0,False,False,
StarCoder,0.2,40,Type-3,0,0,False,False,
StarCoder,0.2,41,Type-1,0,0,False,False,
StarCoder,0.2,42,Type-1,0,0,False,False,
StarCoder,0.2,42,Type-2,0,0,False,False,
StarCoder,0.2,42,Type-3,0,0,False,False,
StarCoder,0.2,43,Type-1,0,0,False,False,
StarCoder,0.2,44,Type-1,0,0,False,False,
StarCoder,0.2,44,Type-2,0,0,False,False,
StarCoder,0.2,44,Type-3,0,0,False,False,
StarCoder,0.2,45,Type-1,0,0,False,False,
StarCoder,0.2,46,Type-1,0,0,False,False,
StarCoder,0.2,47,Type-1,0,0,False,False,
StarCoder,0.2,48,Type-1,0,0,False,False,
StarCoder,0.2,48,Type-2,0,0,False,False,
StarCoder,0.2,48,Type-3,0,0,False,False,
StarCoder,0.2,49,Type-1,0,0,False,False,
StarCoder,0.2,5,Type-1,0,0,False,False,
StarCoder,0.2,50,Type-1,0,0,False,False,
StarCoder,0.2,50,Type-2,0,0,False,False,
StarCoder,0.2,50,Type-3,0,0,False,False,
StarCoder,0.2,51,Type-1,0,0,False,False,
StarCoder,0.2,52,Type-1,0,0,False,False,
StarCoder,0.2,52,Type-2,0,0,False,False,
StarCoder,0.2,52,Type-3,0,0,False,False,
StarCoder,0.2,53,Type-1,0,0,False,False,
StarCoder,0.2,54,Type-1,0,0,False,False,
StarCoder,0.2,55,Type-1,0,0,False,False,
StarCoder,0.2,56,Type-1,0,0,False,False,
StarCoder,0.2,57,Type-1,0,0,False,False,
StarCoder,0.2,58,Type-1,0,0,False,False,
StarCoder,0.2,58,Type-2,0,0,False,False,
StarCoder,0.2,58,Type-3,0,0,False,False,
StarCoder,0.2,59,Type-1,0,0,False,False,
StarCoder,0.2,6,Type-1,0,0,False,False,
StarCoder,0.2,60,Type-1,0,0,False,False,
StarCoder,0.2,61,Type-1,0,0,False,False,
StarCoder,0.2,62,Type-1,0,0,False,False,
StarCoder,0.2,63,Type-1,0,0,False,False,
StarCoder,0.2,64,Type-1,0,0,False,False,
StarCoder,0.2,65,Type-1,0,0,False,False,
StarCoder,0.2,66,Type-1,0,0,False,False,
StarCoder,0.2,66,Type-2,0,0,False,False,
StarCoder,0.2,66,Type-3,0,0,False,False,
StarCoder,0.2,67,Type-1,0,0,False,False,
StarCoder,0.2,67,Type-2,0,0,False,False,
StarCoder,0.2,67,Type-3,0,0,False,False,
StarCoder,0.2,68,Type-1,0,0,False,False,
StarCoder,0.2,69,Type-1,0,0,False,False,
StarCoder,0.2,7,Type-1,0,0,False,False,
StarCoder,0.2,7,Type-2,0,0,False,False,
StarCoder,0.2,7,Type-3,0,0,False,False,
StarCoder,0.2,70,Type-1,0,0,False,False,
StarCoder,0.2,70,Type-2,0,0,False,False,
StarCoder,0.2,70,Type-3,0,0,False,False,
StarCoder,0.2,71,Type-1,0,0,False,False,
StarCoder,0.2,71,Type-2,0,0,False,False,
StarCoder,0.2,71,Type-3,0,0,False,False,
StarCoder,0.2,72,Type-1,0,0,False,False,
StarCoder,0.2,72,Type-2,0,0,False,False,
StarCoder,0.2,72,Type-3,0,0,False,False,
StarCoder,0.2,73,Type-1,0,0,False,False,
StarCoder,0.2,74,Type-1,0,0,False,False,
StarCoder,0.2,74,Type-2,0,0,False,False,
StarCoder,0.2,74,Type-3,0,0,False,False,
StarCoder,0.2,75,Type-1,0,0,False,False,
StarCoder,0.2,76,Type-1,0,0,False,False,
StarCoder,0.2,76,Type-2,0,0,False,False,
StarCoder,0.2,76,Type-3,0,0,False,False,
StarCoder,0.2,77,Type-1,0,0,False,False,
StarCoder,0.2,78,Type-1,0,0,False,False,
StarCoder,0.2,78,Type-2,0,0,False,False,
StarCoder,0.2,78,Type-3,0,0,False,False,
StarCoder,0.2,79,Type-1,0,0,False,False,
StarCoder,0.2,8,Type-1,0,0,False,False,
StarCoder,0.2,80,Type-1,0,0,False,False,
StarCoder,0.2,81,Type-1,0,0,False,False,
StarCoder,0.2,81,Type-2,0,0,False,False,
StarCoder,0.2,81,Type-3,0,0,False,False,
StarCoder,0.2,82,Type-1,0,0,False,False,
StarCoder,0.2,83,Type-1,0,0,False,False,
StarCoder,0.2,84,Type-1,0,0,False,False,
StarCoder,0.2,84,Type-2,0,0,False,False,
StarCoder,0.2,84,Type-3,0,0,False,False,
StarCoder,0.2,85,Type-1,0,0,False,False,
StarCoder,0.2,86,Type-1,0,0,False,False,
StarCoder,0.2,87,Type-1,0,0,False,False,
StarCoder,0.2,87,Type-2,0,0,False,False,
StarCoder,0.2,87,Type-3,0,0,False,False,
StarCoder,0.2,88,Type-1,0,0,False,False,
StarCoder,0.2,89,Type-1,0,0,False,False,
StarCoder,0.2,89,Type-2,0,0,False,False,
StarCoder,0.2,89,Type-3,0,0,False,False,
StarCoder,0.2,9,Type-1,0,0,False,False,
StarCoder,0.2,90,Type-1,0,0,False,False,
StarCoder,0.2,91,Type-1,0,0,False,False,
StarCoder,0.2,92,Type-1,0,0,False,False,
StarCoder,0.2,92,Type-2,0,0,False,False,
StarCoder,0.2,92,Type-3,0,0,False,False,
StarCoder,0.2,93,Type-1,0,0,False,False,
StarCoder,0.2,94,Type-1,0,0,False,False,
StarCoder,0.2,94,Type-2,0,0,False,False,
StarCoder,0.2,94,Type-3,0,0,False,False,
StarCoder,0.2,95,Type-1,0,0,False,False,
StarCoder,0.2,95,Type-2,0,0,False,False,
StarCoder,0.2,95,Type-3,0,0,False,False,
StarCoder,0.2,96,Type-1,0,0,False,False,
StarCoder,0.2,97,Type-1,0,0,False,False,
StarCoder,0.2,97,Type-2,0,0,False,False,
StarCoder,0.2,97,Type-3,0,0,False,False,
StarCoder,0.2,98,Type-1,0,0,False,False,
StarCoder,0.2,99,Type-1,0,0,False,False,
StarCoder,0.2,99,Type-2,0,0,False,False,
StarCoder,0.2,99,Type-3,0,0,False,False,
StarCoder,0.8,0,Type-1,0,0,False,False,
StarCoder,0.8,0,Type-2,0,0,False,False,
StarCoder,0.8,0,Type-3,0,0,False,False,
StarCoder,0.8,1,Type-1,0,0,False,False,
StarCoder,0.8,1,Type-2,0,0,False,False,
StarCoder,0.8,1,Type-3,0,0,False,False,
StarCoder,0.8,10,Type-1,0,0,False,False,
StarCoder,0.8,10,Type-2,0,0,False,False,
StarCoder,0.8,10,Type-3,0,0,False,False,
StarCoder,0.8,100,Type-1,0,0,False,False,
StarCoder,0.8,101,Type-1,0,0,False,False,
StarCoder,0.8,101,Type-2,0,0,False,False,
StarCoder,0.8,101,Type-3,0,0,False,False,
StarCoder,0.8,102,Type-1,0,0,False,False,
StarCoder,0.8,102,Type-2,0,0,False,False,
StarCoder,0.8,102,Type-3,0,0,False,False,
StarCoder,0.8,103,Type-1,0,0,False,False,
StarCoder,0.8,103,Type-2,0,0,False,False,
StarCoder,0.8,103,Type-3,1,1,True,False,Original_Files/103_.py#Files/103_7.py
StarCoder,0.8,104,Type-1,0,0,False,False,
StarCoder,0.8,104,Type-2,0,0,False,False,
StarCoder,0.8,104,Type-3,0,0,False,False,
StarCoder,0.8,105,Type-1,0,0,False,False,
StarCoder,0.8,105,Type-2,0,0,False,False,
StarCoder,0.8,105,Type-3,0,0,False,False,
StarCoder,0.8,106,Type-1,0,0,False,False,
StarCoder,0.8,106,Type-2,0,0,False,False,
StarCoder,0.8,106,Type-3,0,0,False,False,
StarCoder,0.8,107,Type-1,0,0,False,False,
StarCoder,0.8,107,Type-2,0,0,False,False,
StarCoder,0.8,107,Type-3,0,0,False,False,
StarCoder,0.8,108,Type-1,0,0,False,False,
StarCoder,0.8,108,Type-2,0,0,False,False,
StarCoder,0.8,108,Type-3,0,0,False,False,
StarCoder,0.8,109,Type-1,0,0,False,False,
StarCoder,0.8,109,Type-2,0,0,False,False,
StarCoder,0.8,109,Type-3,0,0,False,False,
StarCoder,0.8,11,Type-1,0,0,False,False,
StarCoder,0.8,11,Type-2,0,0,False,False,
StarCoder,0.8,11,Type-3,0,0,False,False,
StarCoder,0.8,110,Type-1,0,0,False,False,
StarCoder,0.8,110,Type-2,0,0,False,False,
StarCoder,0.8,110,Type-3,0,0,False,False,
StarCoder,0.8,111,Type-1,0,0,False,False,
StarCoder,0.8,111,Type-2,0,0,False,False,
StarCoder,0.8,111,Type-3,0,0,False,False,
StarCoder,0.8,112,Type-1,0,0,False,False,
StarCoder,0.8,112,Type-2,0,0,False,False,
StarCoder,0.8,112,Type-3,0,0,False,False,
StarCoder,0.8,113,Type-1,0,0,False,False,
StarCoder,0.8,113,Type-2,0,0,False,False,
StarCoder,0.8,113,Type-3,0,0,False,False,
StarCoder,0.8,114,Type-1,0,0,False,False,
StarCoder,0.8,114,Type-2,0,0,False,False,
StarCoder,0.8,114,Type-3,0,0,False,False,
StarCoder,0.8,115,Type-1,0,0,False,False,
StarCoder,0.8,115,Type-2,0,0,False,False,
StarCoder,0.8,115,Type-3,0,0,False,False,
StarCoder,0.8,116,Type-1,0,0,False,False,
StarCoder,0.8,116,Type-2,0,0,False,False,
StarCoder,0.8,116,Type-3,0,0,False,False,
StarCoder,0.8,117,Type-1,0,0,False,False,
StarCoder,0.8,117,Type-2,0,0,False,False,
StarCoder,0.8,117,Type-3,0,0,False,False,
StarCoder,0.8,118,Type-1,0,0,False,False,
StarCoder,0.8,119,Type-1,0,0,False,False,
StarCoder,0.8,119,Type-2,0,0,False,False,
StarCoder,0.8,119,Type-3,0,0,False,False,
StarCoder,0.8,12,Type-1,0,0,False,False,
StarCoder,0.8,120,Type-1,0,0,False,False,
StarCoder,0.8,120,Type-2,0,0,False,False,
StarCoder,0.8,120,Type-3,0,0,False,False,
StarCoder,0.8,121,Type-1,0,0,False,False,
StarCoder,0.8,121,Type-2,0,0,False,False,
StarCoder,0.8,121,Type-3,0,0,False,False,
StarCoder,0.8,122,Type-1,0,0,False,False,
StarCoder,0.8,122,Type-2,0,0,False,False,
StarCoder,0.8,122,Type-3,0,0,False,False,
StarCoder,0.8,123,Type-1,0,0,False,False,
StarCoder,0.8,123,Type-2,0,0,False,False,
StarCoder,0.8,123,Type-3,0,0,False,False,
StarCoder,0.8,124,Type-1,0,0,False,False,
StarCoder,0.8,124,Type-2,0,0,False,False,
StarCoder,0.8,124,Type-3,0,0,False,False,
StarCoder,0.8,125,Type-1,0,0,False,False,
StarCoder,0.8,125,Type-2,0,0,False,False,
StarCoder,0.8,125,Type-3,0,0,False,False,
StarCoder,0.8,126,Type-1,0,0,False,False,
StarCoder,0.8,126,Type-2,0,0,False,False,
StarCoder,0.8,126,Type-3,0,0,False,False,
StarCoder,0.8,127,Type-1,0,0,False,False,
StarCoder,0.8,127,Type-2,0,0,False,False,
StarCoder,0.8,127,Type-3,0,0,False,False,
StarCoder,0.8,128,Type-1,0,0,False,False,
StarCoder,0.8,129,Type-1,0,0,False,False,
StarCoder,0.8,13,Type-1,0,0,False,False,
StarCoder,0.8,13,Type-2,0,0,False,False,
StarCoder,0.8,13,Type-3,0,0,False,False,
StarCoder,0.8,130,Type-1,0,0,False,False,
StarCoder,0.8,130,Type-2,0,0,False,False,
StarCoder,0.8,130,Type-3,0,0,False,False,
StarCoder,0.8,131,Type-1,0,0,False,False,
StarCoder,0.8,131,Type-2,0,0,False,False,
StarCoder,0.8,131,Type-3,0,0,False,False,
StarCoder,0.8,132,Type-1,0,0,False,False,
StarCoder,0.8,132,Type-2,0,0,False,False,
StarCoder,0.8,132,Type-3,0,0,False,False,
StarCoder,0.8,133,Type-1,0,0,False,False,
StarCoder,0.8,133,Type-2,0,0,False,False,
StarCoder,0.8,133,Type-3,1,1,True,False,Original_Files/133_.py#Files/133_19.py
StarCoder,0.8,134,Type-1,0,0,False,False,
StarCoder,0.8,134,Type-2,0,0,False,False,
StarCoder,0.8,134,Type-3,0,0,False,False,
StarCoder,0.8,135,Type-1,0,0,False,False,
StarCoder,0.8,135,Type-2,0,0,False,False,
StarCoder,0.8,135,Type-3,0,0,False,False,
StarCoder,0.8,136,Type-1,0,0,False,False,
StarCoder,0.8,136,Type-2,0,0,False,False,
StarCoder,0.8,136,Type-3,0,0,False,False,
StarCoder,0.8,137,Type-1,0,0,False,False,
StarCoder,0.8,137,Type-2,0,0,False,False,
StarCoder,0.8,137,Type-3,0,0,False,False,
StarCoder,0.8,138,Type-1,0,0,False,False,
StarCoder,0.8,138,Type-2,0,0,False,False,
StarCoder,0.8,138,Type-3,0,0,False,False,
StarCoder,0.8,139,Type-1,0,0,False,False,
StarCoder,0.8,139,Type-2,0,0,False,False,
StarCoder,0.8,139,Type-3,1,1,True,False,Original_Files/139_.py#Files/139_1.py
StarCoder,0.8,14,Type-1,0,0,False,False,
StarCoder,0.8,14,Type-2,0,0,False,False,
StarCoder,0.8,14,Type-3,0,0,False,False,
StarCoder,0.8,140,Type-1,0,0,False,False,
StarCoder,0.8,140,Type-2,0,0,False,False,
StarCoder,0.8,140,Type-3,0,0,False,False,
StarCoder,0.8,141,Type-1,0,0,False,False,
StarCoder,0.8,141,Type-2,0,0,False,False,
StarCoder,0.8,141,Type-3,0,0,False,False,
StarCoder,0.8,142,Type-1,0,0,False,False,
StarCoder,0.8,142,Type-2,0,0,False,False,
StarCoder,0.8,142,Type-3,0,0,False,False,
StarCoder,0.8,143,Type-1,0,0,False,False,
StarCoder,0.8,143,Type-2,0,0,False,False,
StarCoder,0.8,143,Type-3,0,0,False,False,
StarCoder,0.8,144,Type-1,0,0,False,False,
StarCoder,0.8,144,Type-2,0,0,False,False,
StarCoder,0.8,144,Type-3,0,0,False,False,
StarCoder,0.8,145,Type-1,0,0,False,False,
StarCoder,0.8,145,Type-2,0,0,False,False,
StarCoder,0.8,145,Type-3,0,0,False,False,
StarCoder,0.8,146,Type-1,0,0,False,False,
StarCoder,0.8,146,Type-2,0,0,False,False,
StarCoder,0.8,146,Type-3,0,0,False,False,
StarCoder,0.8,147,Type-1,0,0,False,False,
StarCoder,0.8,147,Type-2,0,0,False,False,
StarCoder,0.8,147,Type-3,0,0,False,False,
StarCoder,0.8,148,Type-1,0,0,False,False,
StarCoder,0.8,148,Type-2,0,0,False,False,
StarCoder,0.8,148,Type-3,0,0,False,False,
StarCoder,0.8,149,Type-1,0,0,False,False,
StarCoder,0.8,149,Type-2,0,0,False,False,
StarCoder,0.8,149,Type-3,0,0,False,False,
StarCoder,0.8,15,Type-1,0,0,False,False,
StarCoder,0.8,150,Type-1,0,0,False,False,
StarCoder,0.8,150,Type-2,0,0,False,False,
StarCoder,0.8,150,Type-3,0,0,False,False,
StarCoder,0.8,151,Type-1,0,0,False,False,
StarCoder,0.8,151,Type-2,0,0,False,False,
StarCoder,0.8,151,Type-3,0,0,False,False,
StarCoder,0.8,152,Type-1,0,0,False,False,
StarCoder,0.8,152,Type-2,0,0,False,False,
StarCoder,0.8,152,Type-3,0,0,False,False,
StarCoder,0.8,153,Type-1,0,0,False,False,
StarCoder,0.8,153,Type-2,0,0,False,False,
StarCoder,0.8,153,Type-3,0,0,False,False,
StarCoder,0.8,154,Type-1,0,0,False,False,
StarCoder,0.8,154,Type-2,0,0,False,False,
StarCoder,0.8,154,Type-3,0,0,False,False,
StarCoder,0.8,155,Type-1,0,0,False,False,
StarCoder,0.8,155,Type-2,0,0,False,False,
StarCoder,0.8,155,Type-3,1,1,True,False,Original_Files/155_.py#Files/155_15.py
StarCoder,0.8,156,Type-1,0,0,False,False,
StarCoder,0.8,156,Type-2,0,0,False,False,
StarCoder,0.8,156,Type-3,0,0,False,False,
StarCoder,0.8,157,Type-1,0,0,False,False,
StarCoder,0.8,157,Type-2,0,0,False,False,
StarCoder,0.8,157,Type-3,0,0,False,False,
StarCoder,0.8,158,Type-1,0,0,False,False,
StarCoder,0.8,158,Type-2,0,0,False,False,
StarCoder,0.8,158,Type-3,0,0,False,False,
StarCoder,0.8,159,Type-1,0,0,False,False,
StarCoder,0.8,159,Type-2,0,0,False,False,
StarCoder,0.8,159,Type-3,1,1,False,True,Original_Files/159_.py#Files/159_P1_7.py
StarCoder,0.8,16,Type-1,0,0,False,False,
StarCoder,0.8,16,Type-2,0,0,False,False,
StarCoder,0.8,16,Type-3,0,0,False,False,
StarCoder,0.8,160,Type-1,0,0,False,False,
StarCoder,0.8,160,Type-2,0,0,False,False,
StarCoder,0.8,160,Type-3,0,0,False,False,
StarCoder,0.8,161,Type-1,0,0,False,False,
StarCoder,0.8,161,Type-2,0,0,False,False,
StarCoder,0.8,161,Type-3,0,0,False,False,
StarCoder,0.8,162,Type-1,0,0,False,False,
StarCoder,0.8,162,Type-2,0,0,False,False,
StarCoder,0.8,162,Type-3,0,0,False,False,
StarCoder,0.8,163,Type-1,0,0,False,False,
StarCoder,0.8,163,Type-2,0,0,False,False,
StarCoder,0.8,163,Type-3,0,0,False,False,
StarCoder,0.8,17,Type-1,0,0,False,False,
StarCoder,0.8,18,Type-1,0,0,False,False,
StarCoder,0.8,18,Type-2,1,1,True,False,Original_Files/18_.py#Files/18_12.py
StarCoder,0.8,18,Type-3,1,1,True,False,Original_Files/18_.py#Files/18_12.py
StarCoder,0.8,19,Type-1,0,0,False,False,
StarCoder,0.8,19,Type-2,0,0,False,False,
StarCoder,0.8,19,Type-3,0,0,False,False,
StarCoder,0.8,2,Type-1,0,0,False,False,
StarCoder,0.8,2,Type-2,0,0,False,False,
StarCoder,0.8,2,Type-3,0,0,False,False,
StarCoder,0.8,20,Type-1,0,0,False,False,
StarCoder,0.8,20,Type-2,0,0,False,False,
StarCoder,0.8,20,Type-3,0,0,False,False,
StarCoder,0.8,21,Type-1,0,0,False,False,
StarCoder,0.8,21,Type-2,0,0,False,False,
StarCoder,0.8,21,Type-3,0,0,False,False,
StarCoder,0.8,22,Type-1,0,0,False,False,
StarCoder,0.8,22,Type-2,0,0,False,False,
StarCoder,0.8,22,Type-3,0,0,False,False,
StarCoder,0.8,23,Type-1,0,0,False,False,
StarCoder,0.8,24,Type-1,0,0,False,False,
StarCoder,0.8,24,Type-2,0,0,False,False,
StarCoder,0.8,24,Type-3,0,0,False,False,
StarCoder,0.8,25,Type-1,0,0,False,False,
StarCoder,0.8,25,Type-2,0,0,False,False,
StarCoder,0.8,25,Type-3,0,0,False,False,
StarCoder,0.8,26,Type-1,0,0,False,False,
StarCoder,0.8,26,Type-2,0,0,False,False,
StarCoder,0.8,26,Type-3,0,0,False,False,
StarCoder,0.8,27,Type-1,0,0,False,False,
StarCoder,0.8,27,Type-2,0,0,False,False,
StarCoder,0.8,27,Type-3,0,0,False,False,
StarCoder,0.8,28,Type-1,0,0,False,False,
StarCoder,0.8,28,Type-2,0,0,False,False,
StarCoder,0.8,28,Type-3,0,0,False,False,
StarCoder,0.8,29,Type-1,0,0,False,False,
StarCoder,0.8,29,Type-2,0,0,False,False,
StarCoder,0.8,29,Type-3,0,0,False,False,
StarCoder,0.8,3,Type-1,0,0,False,False,
StarCoder,0.8,3,Type-2,0,0,False,False,
StarCoder,0.8,3,Type-3,1,1,True,False,Original_Files/3_.py#Files/3_4.py
StarCoder,0.8,30,Type-1,0,0,False,False,
StarCoder,0.8,30,Type-2,0,0,False,False,
StarCoder,0.8,30,Type-3,0,0,False,False,
StarCoder,0.8,31,Type-1,0,0,False,False,
StarCoder,0.8,31,Type-2,0,0,False,False,
StarCoder,0.8,31,Type-3,1,1,False,True,Original_Files/31_.py#Files/31_P8_9.py
StarCoder,0.8,32,Type-1,0,0,False,False,
StarCoder,0.8,32,Type-2,0,0,False,False,
StarCoder,0.8,32,Type-3,0,0,False,False,
StarCoder,0.8,33,Type-1,0,0,False,False,
StarCoder,0.8,33,Type-2,0,0,False,False,
StarCoder,0.8,33,Type-3,0,0,False,False,
StarCoder,0.8,34,Type-1,0,0,False,False,
StarCoder,0.8,34,Type-2,0,0,False,False,
StarCoder,0.8,34,Type-3,0,0,False,False,
StarCoder,0.8,35,Type-1,0,0,False,False,
StarCoder,0.8,35,Type-2,0,0,False,False,
StarCoder,0.8,35,Type-3,0,0,False,False,
StarCoder,0.8,36,Type-1,0,0,False,False,
StarCoder,0.8,36,Type-2,0,0,False,False,
StarCoder,0.8,36,Type-3,0,0,False,False,
StarCoder,0.8,37,Type-1,0,0,False,False,
StarCoder,0.8,37,Type-2,0,0,False,False,
StarCoder,0.8,37,Type-3,0,0,False,False,
StarCoder,0.8,38,Type-1,0,0,False,False,
StarCoder,0.8,38,Type-2,0,0,False,False,
StarCoder,0.8,38,Type-3,0,0,False,False,
StarCoder,0.8,39,Type-1,0,0,False,False,
StarCoder,0.8,39,Type-2,0,0,False,False,
StarCoder,0.8,39,Type-3,0,0,False,False,
StarCoder,0.8,4,Type-1,0,0,False,False,
StarCoder,0.8,4,Type-2,0,0,False,False,
StarCoder,0.8,4,Type-3,0,0,False,False,
StarCoder,0.8,40,Type-1,0,0,False,False,
StarCoder,0.8,40,Type-2,0,0,False,False,
StarCoder,0.8,40,Type-3,1,1,True,False,Original_Files/40_.py#Files/40_1.py
StarCoder,0.8,41,Type-1,0,0,False,False,
StarCoder,0.8,41,Type-2,0,0,False,False,
StarCoder,0.8,41,Type-3,0,0,False,False,
StarCoder,0.8,42,Type-1,0,0,False,False,
StarCoder,0.8,42,Type-2,0,0,False,False,
StarCoder,0.8,42,Type-3,0,0,False,False,
StarCoder,0.8,43,Type-1,0,0,False,False,
StarCoder,0.8,43,Type-2,0,0,False,False,
StarCoder,0.8,43,Type-3,0,0,False,False,
StarCoder,0.8,44,Type-1,0,0,False,False,
StarCoder,0.8,44,Type-2,0,0,False,False,
StarCoder,0.8,44,Type-3,1,1,False,True,Original_Files/44_.py#Files/44_P8_11.py
StarCoder,0.8,45,Type-1,0,0,False,False,
StarCoder,0.8,45,Type-2,0,0,False,False,
StarCoder,0.8,45,Type-3,0,0,False,False,
StarCoder,0.8,46,Type-1,0,0,False,False,
StarCoder,0.8,46,Type-2,0,0,False,False,
StarCoder,0.8,46,Type-3,0,0,False,False,
StarCoder,0.8,47,Type-1,0,0,False,False,
StarCoder,0.8,47,Type-2,0,0,False,False,
StarCoder,0.8,47,Type-3,0,0,False,False,
StarCoder,0.8,48,Type-1,0,0,False,False,
StarCoder,0.8,48,Type-2,0,0,False,False,
StarCoder,0.8,48,Type-3,0,0,False,False,
StarCoder,0.8,49,Type-1,0,0,False,False,
StarCoder,0.8,49,Type-2,0,0,False,False,
StarCoder,0.8,49,Type-3,0,0,False,False,
StarCoder,0.8,5,Type-1,0,0,False,False,
StarCoder,0.8,5,Type-2,0,0,False,False,
StarCoder,0.8,5,Type-3,0,0,False,False,
StarCoder,0.8,50,Type-1,0,0,False,False,
StarCoder,0.8,50,Type-2,0,0,False,False,
StarCoder,0.8,50,Type-3,0,0,False,False,
StarCoder,0.8,51,Type-1,0,0,False,False,
StarCoder,0.8,51,Type-2,0,0,False,False,
StarCoder,0.8,51,Type-3,0,0,False,False,
StarCoder,0.8,52,Type-1,0,0,False,False,
StarCoder,0.8,52,Type-2,0,0,False,False,
StarCoder,0.8,52,Type-3,0,0,False,False,
StarCoder,0.8,53,Type-1,0,0,False,False,
StarCoder,0.8,53,Type-2,0,0,False,False,
StarCoder,0.8,53,Type-3,0,0,False,False,
StarCoder,0.8,54,Type-1,0,0,False,False,
StarCoder,0.8,55,Type-1,0,0,False,False,
StarCoder,0.8,55,Type-2,0,0,False,False,
StarCoder,0.8,55,Type-3,0,0,False,False,
StarCoder,0.8,56,Type-1,0,0,False,False,
StarCoder,0.8,56,Type-2,0,0,False,False,
StarCoder,0.8,56,Type-3,0,0,False,False,
StarCoder,0.8,57,Type-1,0,0,False,False,
StarCoder,0.8,57,Type-2,0,0,False,False,
StarCoder,0.8,57,Type-3,0,0,False,False,
StarCoder,0.8,58,Type-1,0,0,False,False,
StarCoder,0.8,58,Type-2,0,0,False,False,
StarCoder,0.8,58,Type-3,0,0,False,False,
StarCoder,0.8,59,Type-1,0,0,False,False,
StarCoder,0.8,59,Type-2,0,0,False,False,
StarCoder,0.8,59,Type-3,0,0,False,False,
StarCoder,0.8,6,Type-1,0,0,False,False,
StarCoder,0.8,6,Type-2,0,0,False,False,
StarCoder,0.8,6,Type-3,0,0,False,False,
StarCoder,0.8,60,Type-1,0,0,False,False,
StarCoder,0.8,60,Type-2,0,0,False,False,
StarCoder,0.8,60,Type-3,0,0,False,False,
StarCoder,0.8,61,Type-1,0,0,False,False,
StarCoder,0.8,61,Type-2,0,0,False,False,
StarCoder,0.8,61,Type-3,0,0,False,False,
StarCoder,0.8,62,Type-1,0,0,False,False,
StarCoder,0.8,62,Type-2,0,0,False,False,
StarCoder,0.8,62,Type-3,0,0,False,False,
StarCoder,0.8,63,Type-1,0,0,False,False,
StarCoder,0.8,63,Type-2,0,0,False,False,
StarCoder,0.8,63,Type-3,0,0,False,False,
StarCoder,0.8,64,Type-1,0,0,False,False,
StarCoder,0.8,65,Type-1,0,0,False,False,
StarCoder,0.8,65,Type-2,0,0,False,False,
StarCoder,0.8,65,Type-3,0,0,False,False,
StarCoder,0.8,66,Type-1,0,0,False,False,
StarCoder,0.8,66,Type-2,0,0,False,False,
StarCoder,0.8,66,Type-3,0,0,False,False,
StarCoder,0.8,67,Type-1,0,0,False,False,
StarCoder,0.8,67,Type-2,0,0,False,False,
StarCoder,0.8,67,Type-3,0,0,False,False,
StarCoder,0.8,68,Type-1,0,0,False,False,
StarCoder,0.8,68,Type-2,0,0,False,False,
StarCoder,0.8,68,Type-3,0,0,False,False,
StarCoder,0.8,69,Type-1,0,0,False,False,
StarCoder,0.8,69,Type-2,0,0,False,False,
StarCoder,0.8,69,Type-3,0,0,False,False,
StarCoder,0.8,7,Type-1,0,0,False,False,
StarCoder,0.8,7,Type-2,0,0,False,False,
StarCoder,0.8,7,Type-3,0,0,False,False,
StarCoder,0.8,70,Type-1,0,0,False,False,
StarCoder,0.8,70,Type-2,0,0,False,False,
StarCoder,0.8,70,Type-3,0,0,False,False,
StarCoder,0.8,71,Type-1,0,0,False,False,
StarCoder,0.8,71,Type-2,0,0,False,False,
StarCoder,0.8,71,Type-3,0,0,False,False,
StarCoder,0.8,72,Type-1,0,0,False,False,
StarCoder,0.8,72,Type-2,0,0,False,False,
StarCoder,0.8,72,Type-3,0,0,False,False,
StarCoder,0.8,73,Type-1,0,0,False,False,
StarCoder,0.8,73,Type-2,0,0,False,False,
StarCoder,0.8,73,Type-3,0,0,False,False,
StarCoder,0.8,74,Type-1,0,0,False,False,
StarCoder,0.8,74,Type-2,0,0,False,False,
StarCoder,0.8,74,Type-3,0,0,False,False,
StarCoder,0.8,75,Type-1,0,0,False,False,
StarCoder,0.8,75,Type-2,0,0,False,False,
StarCoder,0.8,75,Type-3,0,0,False,False,
StarCoder,0.8,76,Type-1,0,0,False,False,
StarCoder,0.8,76,Type-2,0,0,False,False,
StarCoder,0.8,76,Type-3,0,0,False,False,
StarCoder,0.8,77,Type-1,0,0,False,False,
StarCoder,0.8,77,Type-2,0,0,False,False,
StarCoder,0.8,77,Type-3,0,0,False,False,
StarCoder,0.8,78,Type-1,0,0,False,False,
StarCoder,0.8,78,Type-2,0,0,False,False,
StarCoder,0.8,78,Type-3,0,0,False,False,
StarCoder,0.8,79,Type-1,0,0,False,False,
StarCoder,0.8,79,Type-2,0,0,False,False,
StarCoder,0.8,79,Type-3,0,0,False,False,
StarCoder,0.8,8,Type-1,0,0,False,False,
StarCoder,0.8,8,Type-2,0,0,False,False,
StarCoder,0.8,8,Type-3,0,0,False,False,
StarCoder,0.8,80,Type-1,0,0,False,False,
StarCoder,0.8,80,Type-2,0,0,False,False,
StarCoder,0.8,80,Type-3,0,0,False,False,
StarCoder,0.8,81,Type-1,0,0,False,False,
StarCoder,0.8,81,Type-2,0,0,False,False,
StarCoder,0.8,81,Type-3,0,0,False,False,
StarCoder,0.8,82,Type-1,0,0,False,False,
StarCoder,0.8,82,Type-2,0,0,False,False,
StarCoder,0.8,82,Type-3,1,1,True,False,Original_Files/82_.py#Files/82_7.py
StarCoder,0.8,83,Type-1,0,0,False,False,
StarCoder,0.8,83,Type-2,0,0,False,False,
StarCoder,0.8,83,Type-3,0,0,False,False,
StarCoder,0.8,84,Type-1,0,0,False,False,
StarCoder,0.8,84,Type-2,0,0,False,False,
StarCoder,0.8,84,Type-3,0,0,False,False,
StarCoder,0.8,85,Type-1,0,0,False,False,
StarCoder,0.8,85,Type-2,0,0,False,False,
StarCoder,0.8,85,Type-3,0,0,False,False,
StarCoder,0.8,86,Type-1,0,0,False,False,
StarCoder,0.8,86,Type-2,0,0,False,False,
StarCoder,0.8,86,Type-3,0,0,False,False,
StarCoder,0.8,87,Type-1,0,0,False,False,
StarCoder,0.8,87,Type-2,0,0,False,False,
StarCoder,0.8,87,Type-3,0,0,False,False,
StarCoder,0.8,88,Type-1,0,0,False,False,
StarCoder,0.8,88,Type-2,0,0,False,False,
StarCoder,0.8,88,Type-3,0,0,False,False,
StarCoder,0.8,89,Type-1,0,0,False,False,
StarCoder,0.8,89,Type-2,0,0,False,False,
StarCoder,0.8,89,Type-3,0,0,False,False,
StarCoder,0.8,9,Type-1,0,0,False,False,
StarCoder,0.8,9,Type-2,0,0,False,False,
StarCoder,0.8,9,Type-3,0,0,False,False,
StarCoder,0.8,90,Type-1,0,0,False,False,
StarCoder,0.8,90,Type-2,0,0,False,False,
StarCoder,0.8,90,Type-3,0,0,False,False,
StarCoder,0.8,91,Type-1,0,0,False,False,
StarCoder,0.8,91,Type-2,0,0,False,False,
StarCoder,0.8,91,Type-3,0,0,False,False,
StarCoder,0.8,92,Type-1,0,0,False,False,
StarCoder,0.8,92,Type-2,0,0,False,False,
StarCoder,0.8,92,Type-3,0,0,False,False,
StarCoder,0.8,93,Type-1,0,0,False,False,
StarCoder,0.8,93,Type-2,0,0,False,False,
StarCoder,0.8,93,Type-3,0,0,False,False,
StarCoder,0.8,94,Type-1,0,0,False,False,
StarCoder,0.8,94,Type-2,0,0,False,False,
StarCoder,0.8,94,Type-3,0,0,False,False,
StarCoder,0.8,95,Type-1,0,0,False,False,
StarCoder,0.8,95,Type-2,0,0,False,False,
StarCoder,0.8,95,Type-3,0,0,False,False,
StarCoder,0.8,96,Type-1,0,0,False,False,
StarCoder,0.8,96,Type-2,0,0,False,False,
StarCoder,0.8,96,Type-3,0,0,False,False,
StarCoder,0.8,97,Type-1,0,0,False,False,
StarCoder,0.8,97,Type-2,0,0,False,False,
StarCoder,0.8,97,Type-3,0,0,False,False,
StarCoder,0.8,98,Type-1,0,0,False,False,
StarCoder,0.8,98,Type-2,0,0,False,False,
StarCoder,0.8,98,Type-3,0,0,False,False,
StarCoder,0.8,99,Type-1,0,0,False,False,
StarCoder,0.8,99,Type-2,0,0,False,False,
StarCoder,0.8,99,Type-3,0,0,False,False,
GPT-3.5,1.0,0,Type-1,0,0,False,False,
GPT-3.5,1.0,0,Type-2,0,0,False,False,
GPT-3.5,1.0,0,Type-3,0,0,False,False,
GPT-3.5,1.0,1,Type-1,0,0,False,False,
GPT-3.5,1.0,1,Type-2,0,0,False,False,
GPT-3.5,1.0,1,Type-3,0,0,False,False,
GPT-3.5,1.0,10,Type-1,0,0,False,False,
GPT-3.5,1.0,10,Type-2,0,0,False,False,
GPT-3.5,1.0,10,Type-3,0,0,False,False,
GPT-3.5,1.0,100,Type-1,0,0,False,False,
GPT-3.5,1.0,100,Type-2,0,0,False,False,
GPT-3.5,1.0,100,Type-3,0,0,False,False,
GPT-3.5,1.0,101,Type-1,0,0,False,False,
GPT-3.5,1.0,101,Type-2,0,0,False,False,
GPT-3.5,1.0,101,Type-3,0,0,False,False,
GPT-3.5,1.0,102,Type-1,0,0,False,False,
GPT-3.5,1.0,102,Type-2,0,0,False,False,
GPT-3.5,1.0,102,Type-3,3,1,True,True,Original_Files/102_.py#Files/102_3.py#Files/102_8.py#Files/102_P8_1.py
GPT-3.5,1.0,103,Type-1,0,0,False,False,
GPT-3.5,1.0,103,Type-2,0,0,False,False,
GPT-3.5,1.0,103,Type-3,0,0,False,False,
GPT-3.5,1.0,104,Type-1,0,0,False,False,
GPT-3.5,1.0,104,Type-2,0,0,False,False,
GPT-3.5,1.0,104,Type-3,6,1,True,True,Original_Files/104_.py#Files/104_P8_1.py#Files/104_3.py#Files/104_P8_16.py#Files/104_P8_7.py#Files/104_1.py#Files/104_6.py
GPT-3.5,1.0,105,Type-1,0,0,False,False,
GPT-3.5,1.0,105,Type-2,0,0,False,False,
GPT-3.5,1.0,105,Type-3,0,0,False,False,
GPT-3.5,1.0,106,Type-1,0,0,False,False,
GPT-3.5,1.0,106,Type-2,0,0,False,False,
GPT-3.5,1.0,106,Type-3,0,0,False,False,
GPT-3.5,1.0,107,Type-1,0,0,False,False,
GPT-3.5,1.0,107,Type-2,0,0,False,False,
GPT-3.5,1.0,107,Type-3,9,1,True,True,Original_Files/107_.py#Files/107_13.py#Files/107_5.py#Files/107_17.py#Files/107_P8_5.py#Files/107_4.py#Files/107_P8_3.py#Files/107_16.py#Files/107_P8_4.py#Files/107_14.py
GPT-3.5,1.0,108,Type-1,0,0,False,False,
GPT-3.5,1.0,108,Type-2,0,0,False,False,
GPT-3.5,1.0,108,Type-3,0,0,False,False,
GPT-3.5,1.0,109,Type-1,0,0,False,False,
GPT-3.5,1.0,109,Type-2,0,0,False,False,
GPT-3.5,1.0,109,Type-3,0,0,False,False,
GPT-3.5,1.0,11,Type-1,0,0,False,False,
GPT-3.5,1.0,11,Type-2,0,0,False,False,
GPT-3.5,1.0,11,Type-3,0,0,False,False,
GPT-3.5,1.0,110,Type-1,0,0,False,False,
GPT-3.5,1.0,110,Type-2,0,0,False,False,
GPT-3.5,1.0,110,Type-3,2,1,True,True,Original_Files/110_.py#Files/110_P8_14.py#Files/110_1.py
GPT-3.5,1.0,111,Type-1,0,0,False,False,
GPT-3.5,1.0,111,Type-2,0,0,False,False,
GPT-3.5,1.0,111,Type-3,0,0,False,False,
GPT-3.5,1.0,112,Type-1,0,0,False,False,
GPT-3.5,1.0,112,Type-2,0,0,False,False,
GPT-3.5,1.0,112,Type-3,0,0,False,False,
GPT-3.5,1.0,113,Type-1,0,0,False,False,
GPT-3.5,1.0,113,Type-2,0,0,False,False,
GPT-3.5,1.0,113,Type-3,0,0,False,False,
GPT-3.5,1.0,114,Type-1,0,0,False,False,
GPT-3.5,1.0,114,Type-2,0,0,False,False,
GPT-3.5,1.0,114,Type-3,0,0,False,False,
GPT-3.5,1.0,115,Type-1,0,0,False,False,
GPT-3.5,1.0,115,Type-2,0,0,False,False,
GPT-3.5,1.0,115,Type-3,0,0,False,False,
GPT-3.5,1.0,116,Type-1,0,0,False,False,
GPT-3.5,1.0,116,Type-2,0,0,False,False,
GPT-3.5,1.0,116,Type-3,0,0,False,False,
GPT-3.5,1.0,117,Type-1,0,0,False,False,
GPT-3.5,1.0,117,Type-2,0,0,False,False,
GPT-3.5,1.0,117,Type-3,0,0,False,False,
GPT-3.5,1.0,118,Type-1,0,0,False,False,
GPT-3.5,1.0,119,Type-1,0,0,False,False,
GPT-3.5,1.0,119,Type-2,0,0,False,False,
GPT-3.5,1.0,119,Type-3,0,0,False,False,
GPT-3.5,1.0,12,Type-1,0,0,False,False,
GPT-3.5,1.0,12,Type-2,0,0,False,False,
GPT-3.5,1.0,12,Type-3,0,0,False,False,
GPT-3.5,1.0,120,Type-1,0,0,False,False,
GPT-3.5,1.0,120,Type-2,0,0,False,False,
GPT-3.5,1.0,120,Type-3,0,0,False,False,
GPT-3.5,1.0,121,Type-1,0,0,False,False,
GPT-3.5,1.0,121,Type-2,0,0,False,False,
GPT-3.5,1.0,121,Type-3,0,0,False,False,
GPT-3.5,1.0,122,Type-1,0,0,False,False,
GPT-3.5,1.0,122,Type-2,0,0,False,False,
GPT-3.5,1.0,122,Type-3,0,0,False,False,
GPT-3.5,1.0,123,Type-1,0,0,False,False,
GPT-3.5,1.0,123,Type-2,0,0,False,False,
GPT-3.5,1.0,123,Type-3,0,0,False,False,
GPT-3.5,1.0,124,Type-1,0,0,False,False,
GPT-3.5,1.0,124,Type-2,0,0,False,False,
GPT-3.5,1.0,124,Type-3,0,0,False,False,
GPT-3.5,1.0,125,Type-1,0,0,False,False,
GPT-3.5,1.0,125,Type-2,0,0,False,False,
GPT-3.5,1.0,125,Type-3,3,1,False,True,Original_Files/125_.py#Files/125_P1_10.py#Files/125_P8_2.py#Files/125_P8_3.py
GPT-3.5,1.0,126,Type-1,0,0,False,False,
GPT-3.5,1.0,126,Type-2,0,0,False,False,
GPT-3.5,1.0,126,Type-3,0,0,False,False,
GPT-3.5,1.0,127,Type-1,0,0,False,False,
GPT-3.5,1.0,127,Type-2,0,0,False,False,
GPT-3.5,1.0,127,Type-3,0,0,False,False,
GPT-3.5,1.0,128,Type-1,0,0,False,False,
GPT-3.5,1.0,128,Type-2,0,0,False,False,
GPT-3.5,1.0,128,Type-3,0,0,False,False,
GPT-3.5,1.0,129,Type-1,0,0,False,False,
GPT-3.5,1.0,129,Type-2,0,0,False,False,
GPT-3.5,1.0,129,Type-3,0,0,False,False,
GPT-3.5,1.0,13,Type-1,0,0,False,False,
GPT-3.5,1.0,13,Type-2,0,0,False,False,
GPT-3.5,1.0,13,Type-3,0,0,False,False,
GPT-3.5,1.0,130,Type-1,0,0,False,False,
GPT-3.5,1.0,130,Type-2,0,0,False,False,
GPT-3.5,1.0,130,Type-3,0,0,False,False,
GPT-3.5,1.0,131,Type-1,0,0,False,False,
GPT-3.5,1.0,131,Type-2,0,0,False,False,
GPT-3.5,1.0,131,Type-3,0,0,False,False,
GPT-3.5,1.0,132,Type-1,0,0,False,False,
GPT-3.5,1.0,132,Type-2,0,0,False,False,
GPT-3.5,1.0,132,Type-3,0,0,False,False,
GPT-3.5,1.0,133,Type-1,0,0,False,False,
GPT-3.5,1.0,133,Type-2,0,0,False,False,
GPT-3.5,1.0,133,Type-3,0,0,False,False,
GPT-3.5,1.0,134,Type-1,0,0,False,False,
GPT-3.5,1.0,134,Type-2,0,0,False,False,
GPT-3.5,1.0,134,Type-3,0,0,False,False,
GPT-3.5,1.0,135,Type-1,0,0,False,False,
GPT-3.5,1.0,135,Type-2,0,0,False,False,
GPT-3.5,1.0,135,Type-3,0,0,False,False,
GPT-3.5,1.0,136,Type-1,0,0,False,False,
GPT-3.5,1.0,136,Type-2,0,0,False,False,
GPT-3.5,1.0,136,Type-3,0,0,False,False,
GPT-3.5,1.0,137,Type-1,0,0,False,False,
GPT-3.5,1.0,137,Type-2,0,0,False,False,
GPT-3.5,1.0,137,Type-3,0,0,False,False,
GPT-3.5,1.0,138,Type-1,0,0,False,False,
GPT-3.5,1.0,138,Type-2,0,0,False,False,
GPT-3.5,1.0,138,Type-3,0,0,False,False,
GPT-3.5,1.0,139,Type-1,0,0,False,False,
GPT-3.5,1.0,139,Type-2,1,1,True,False,Original_Files/139_.py#Files/139_4.py
GPT-3.5,1.0,139,Type-3,10,1,True,True,Original_Files/139_.py#Files/139_5.py#Files/139_P8_8.py#Files/139_9.py#Files/139_4.py#Files/139_17.py#Files/139_2.py#Files/139_18.py#Files/139_19.py#Files/139_P8_2.py#Files/139_P8_5.py
GPT-3.5,1.0,14,Type-1,4,1,True,False,Original_Files/14_.py#Files/14_19.py#Files/14_13.py#Files/14_6.py#Files/14_18.py
GPT-3.5,1.0,14,Type-2,12,1,True,True,Original_Files/14_.py#Files/14_P8_16.py#Files/14_13.py#Files/14_19.py#Files/14_10.py#Files/14_P8_4.py#Files/14_3.py#Files/14_P8_12.py#Files/14_16.py#Files/14_6.py#Files/14_P8_14.py#Files/14_18.py#Files/14_12.py
GPT-3.5,1.0,14,Type-3,14,1,True,True,Original_Files/14_.py#Files/14_7.py#Files/14_13.py#Files/14_1.py#Files/14_10.py#Files/14_P8_16.py#Files/14_18.py#Files/14_19.py#Files/14_16.py#Files/14_P8_4.py#Files/14_P8_14.py#Files/14_P8_12.py#Files/14_3.py#Files/14_6.py#Files/14_12.py
GPT-3.5,1.0,140,Type-1,0,0,False,False,
GPT-3.5,1.0,140,Type-2,0,0,False,False,
GPT-3.5,1.0,140,Type-3,0,0,False,False,
GPT-3.5,1.0,141,Type-1,0,0,False,False,
GPT-3.5,1.0,141,Type-2,0,0,False,False,
GPT-3.5,1.0,141,Type-3,0,0,False,False,
GPT-3.5,1.0,142,Type-1,0,0,False,False,
GPT-3.5,1.0,142,Type-2,0,0,False,False,
GPT-3.5,1.0,142,Type-3,0,0,False,False,
GPT-3.5,1.0,143,Type-1,0,0,False,False,
GPT-3.5,1.0,143,Type-2,0,0,False,False,
GPT-3.5,1.0,143,Type-3,0,0,False,False,
GPT-3.5,1.0,144,Type-1,0,0,False,False,
GPT-3.5,1.0,144,Type-2,0,0,False,False,
GPT-3.5,1.0,144,Type-3,1,1,False,True,Original_Files/144_.py#Files/144_P8_17.py
GPT-3.5,1.0,145,Type-1,0,0,False,False,
GPT-3.5,1.0,145,Type-2,0,0,False,False,
GPT-3.5,1.0,145,Type-3,0,0,False,False,
GPT-3.5,1.0,146,Type-1,0,0,False,False,
GPT-3.5,1.0,146,Type-2,0,0,False,False,
GPT-3.5,1.0,146,Type-3,8,1,True,True,Original_Files/146_.py#Files/146_16.py#Files/146_P8_1.py#Files/146_8.py#Files/146_11.py#Files/146_P8_4.py#Files/146_P8_12.py#Files/146_18.py#Files/146_9.py
GPT-3.5,1.0,147,Type-1,0,0,False,False,
GPT-3.5,1.0,147,Type-2,0,0,False,False,
GPT-3.5,1.0,147,Type-3,0,0,False,False,
GPT-3.5,1.0,148,Type-1,0,0,False,False,
GPT-3.5,1.0,148,Type-2,0,0,False,False,
GPT-3.5,1.0,148,Type-3,1,1,False,True,Original_Files/148_.py#Files/148_P1_14.py
GPT-3.5,1.0,149,Type-1,0,0,False,False,
GPT-3.5,1.0,149,Type-2,0,0,False,False,
GPT-3.5,1.0,149,Type-3,6,1,True,True,Original_Files/149_.py#Files/149_1.py#Files/149_11.py#Files/149_P8_3.py#Files/149_17.py#Files/149_14.py#Files/149_6.py
GPT-3.5,1.0,15,Type-1,0,0,False,False,
GPT-3.5,1.0,15,Type-2,0,0,False,False,
GPT-3.5,1.0,15,Type-3,0,0,False,False,
GPT-3.5,1.0,150,Type-1,0,0,False,False,
GPT-3.5,1.0,150,Type-2,0,0,False,False,
GPT-3.5,1.0,150,Type-3,2,1,False,True,Original_Files/150_.py#Files/150_P8_0.py#Files/150_P8_9.py
GPT-3.5,1.0,151,Type-1,0,0,False,False,
GPT-3.5,1.0,151,Type-2,0,0,False,False,
GPT-3.5,1.0,151,Type-3,0,0,False,False,
GPT-3.5,1.0,152,Type-1,0,0,False,False,
GPT-3.5,1.0,152,Type-2,0,0,False,False,
GPT-3.5,1.0,152,Type-3,0,0,False,False,
GPT-3.5,1.0,153,Type-1,0,0,False,False,
GPT-3.5,1.0,153,Type-2,0,0,False,False,
GPT-3.5,1.0,153,Type-3,0,0,False,False,
GPT-3.5,1.0,154,Type-1,0,0,False,False,
GPT-3.5,1.0,154,Type-2,0,0,False,False,
GPT-3.5,1.0,154,Type-3,0,0,False,False,
GPT-3.5,1.0,155,Type-1,0,0,False,False,
GPT-3.5,1.0,155,Type-2,1,1,False,True,Original_Files/155_.py#Files/155_P8_2.py
GPT-3.5,1.0,155,Type-3,15,1,True,True,Original_Files/155_.py#Files/155_10.py#Files/155_P8_1.py#Files/155_14.py#Files/155_P8_5.py#Files/155_P8_18.py#Files/155_8.py#Files/155_15.py#Files/155_P8_11.py#Files/155_13.py#Files/155_P8_2.py#Files/155_9.py#Files/155_17.py#Files/155_3.py#Files/155_4.py#Files/155_16.py
GPT-3.5,1.0,156,Type-1,0,0,False,False,
GPT-3.5,1.0,156,Type-2,0,0,False,False,
GPT-3.5,1.0,156,Type-3,0,0,False,False,
GPT-3.5,1.0,157,Type-1,0,0,False,False,
GPT-3.5,1.0,157,Type-2,0,0,False,False,
GPT-3.5,1.0,157,Type-3,0,0,False,False,
GPT-3.5,1.0,158,Type-1,0,0,False,False,
GPT-3.5,1.0,158,Type-2,0,0,False,False,
GPT-3.5,1.0,158,Type-3,0,0,False,False,
GPT-3.5,1.0,159,Type-1,0,0,False,False,
GPT-3.5,1.0,159,Type-2,0,0,False,False,
GPT-3.5,1.0,159,Type-3,4,1,True,True,Original_Files/159_.py#Files/159_P8_17.py#Files/159_7.py#Files/159_P1_11.py#Files/159_15.py
GPT-3.5,1.0,16,Type-1,0,0,False,False,
GPT-3.5,1.0,16,Type-2,0,0,False,False,
GPT-3.5,1.0,16,Type-3,0,0,False,False,
GPT-3.5,1.0,160,Type-1,0,0,False,False,
GPT-3.5,1.0,160,Type-2,0,0,False,False,
GPT-3.5,1.0,160,Type-3,0,0,False,False,
GPT-3.5,1.0,161,Type-1,0,0,False,False,
GPT-3.5,1.0,161,Type-2,0,0,False,False,
GPT-3.5,1.0,161,Type-3,0,0,False,False,
GPT-3.5,1.0,162,Type-1,0,0,False,False,
GPT-3.5,1.0,162,Type-2,0,0,False,False,
GPT-3.5,1.0,162,Type-3,0,0,False,False,
GPT-3.5,1.0,163,Type-1,0,0,False,False,
GPT-3.5,1.0,163,Type-2,0,0,False,False,
GPT-3.5,1.0,163,Type-3,0,0,False,False,
GPT-3.5,1.0,17,Type-1,0,0,False,False,
GPT-3.5,1.0,17,Type-2,0,0,False,False,
GPT-3.5,1.0,17,Type-3,0,0,False,False,
GPT-3.5,1.0,18,Type-1,0,0,False,False,
GPT-3.5,1.0,18,Type-2,3,1,True,True,Original_Files/18_.py#Files/18_18.py#Files/18_2.py#Files/18_P1_16.py
GPT-3.5,1.0,18,Type-3,9,1,True,True,Original_Files/18_.py#Files/18_9.py#Files/18_18.py#Files/18_8.py#Files/18_2.py#Files/18_5.py#Files/18_P1_16.py#Files/18_7.py#Files/18_P1_13.py#Files/18_P1_18.py
GPT-3.5,1.0,19,Type-1,0,0,False,False,
GPT-3.5,1.0,19,Type-2,0,0,False,False,
GPT-3.5,1.0,19,Type-3,10,1,True,True,Original_Files/19_.py#Files/19_P8_3.py#Files/19_all_3.py#Files/19_all_9.py#Files/19_18.py#Files/19_1.py#Files/19_13.py#Files/19_P8_11.py#Files/19_P8_16.py#Files/19_P8_1.py#Files/19_7.py
GPT-3.5,1.0,2,Type-1,0,0,False,False,
GPT-3.5,1.0,2,Type-2,0,0,False,False,
GPT-3.5,1.0,2,Type-3,0,0,False,False,
GPT-3.5,1.0,20,Type-1,0,0,False,False,
GPT-3.5,1.0,20,Type-2,0,0,False,False,
GPT-3.5,1.0,20,Type-3,0,0,False,False,
GPT-3.5,1.0,21,Type-1,0,0,False,False,
GPT-3.5,1.0,21,Type-2,0,0,False,False,
GPT-3.5,1.0,21,Type-3,0,0,False,False,
GPT-3.5,1.0,22,Type-1,0,0,False,False,
GPT-3.5,1.0,22,Type-2,0,0,False,False,
GPT-3.5,1.0,22,Type-3,0,0,False,False,
GPT-3.5,1.0,23,Type-1,0,0,False,False,
GPT-3.5,1.0,23,Type-2,0,0,False,False,
GPT-3.5,1.0,23,Type-3,0,0,False,False,
GPT-3.5,1.0,24,Type-1,0,0,False,False,
GPT-3.5,1.0,24,Type-2,0,0,False,False,
GPT-3.5,1.0,24,Type-3,0,0,False,False,
GPT-3.5,1.0,25,Type-1,0,0,False,False,
GPT-3.5,1.0,25,Type-2,0,0,False,False,
GPT-3.5,1.0,25,Type-3,1,1,False,True,Original_Files/25_.py#Files/25_P1_5.py
GPT-3.5,1.0,26,Type-1,0,0,False,False,
GPT-3.5,1.0,26,Type-2,0,0,False,False,
GPT-3.5,1.0,26,Type-3,0,0,False,False,
GPT-3.5,1.0,27,Type-1,0,0,False,False,
GPT-3.5,1.0,27,Type-2,0,0,False,False,
GPT-3.5,1.0,27,Type-3,0,0,False,False,
GPT-3.5,1.0,28,Type-1,0,0,False,False,
GPT-3.5,1.0,28,Type-2,0,0,False,False,
GPT-3.5,1.0,28,Type-3,0,0,False,False,
GPT-3.5,1.0,29,Type-1,0,0,False,False,
GPT-3.5,1.0,29,Type-2,0,0,False,False,
GPT-3.5,1.0,29,Type-3,0,0,False,False,
GPT-3.5,1.0,3,Type-1,4,1,True,False,Original_Files/3_.py#Files/3_6.py#Files/3_14.py#Files/3_7.py#Files/3_4.py
GPT-3.5,1.0,3,Type-2,35,1,True,True,Original_Files/3_.py#Files/3_P1_13.py#Files/3_17.py#Files/3_P1_0.py#Files/3_19.py#Files/3_6.py#Files/3_P1_3.py#Files/3_P1_12.py#Files/3_5.py#Files/3_P1_17.py#Files/3_P1_9.py#Files/3_7.py#Files/3_P1_10.py#Files/3_P1_5.py#Files/3_P1_14.py#Files/3_3.py#Files/3_13.py#Files/3_P1_16.py#Files/3_P1_4.py#Files/3_8.py#Files/3_P1_15.py#Files/3_14.py#Files/3_P1_6.py#Files/3_P1_19.py#Files/3_0.py#Files/3_10.py#Files/3_18.py#Files/3_P1_18.py#Files/3_P1_2.py#Files/3_11.py#Files/3_4.py#Files/3_9.py#Files/3_16.py#Files/3_15.py#Files/3_2.py#Files/3_P1_8.py
GPT-3.5,1.0,3,Type-3,36,1,True,True,Original_Files/3_.py#Files/3_1.py#Files/3_5.py#Files/3_P1_13.py#Files/3_17.py#Files/3_P1_0.py#Files/3_P1_3.py#Files/3_6.py#Files/3_P1_10.py#Files/3_P1_12.py#Files/3_19.py#Files/3_P1_17.py#Files/3_16.py#Files/3_7.py#Files/3_P1_14.py#Files/3_P1_5.py#Files/3_P1_8.py#Files/3_3.py#Files/3_P1_4.py#Files/3_P1_16.py#Files/3_P1_15.py#Files/3_8.py#Files/3_P1_6.py#Files/3_14.py#Files/3_0.py#Files/3_P1_19.py#Files/3_18.py#Files/3_10.py#Files/3_P1_2.py#Files/3_P1_18.py#Files/3_4.py#Files/3_11.py#Files/3_P1_9.py#Files/3_9.py#Files/3_2.py#Files/3_15.py#Files/3_13.py
GPT-3.5,1.0,30,Type-1,0,0,False,False,
GPT-3.5,1.0,30,Type-2,0,0,False,False,
GPT-3.5,1.0,30,Type-3,0,0,False,False,
GPT-3.5,1.0,31,Type-1,0,0,False,False,
GPT-3.5,1.0,31,Type-2,0,0,False,False,
GPT-3.5,1.0,31,Type-3,14,1,True,True,Original_Files/31_.py#Files/31_8.py#Files/31_3.py#Files/31_10.py#Files/31_P8_2.py#Files/31_0.py#Files/31_P8_6.py#Files/31_15.py#Files/31_7.py#Files/31_5.py#Files/31_P8_14.py#Files/31_P8_17.py#Files/31_2.py#Files/31_P8_12.py#Files/31_P8_4.py
GPT-3.5,1.0,32,Type-1,0,0,False,False,
GPT-3.5,1.0,32,Type-2,0,0,False,False,
GPT-3.5,1.0,32,Type-3,0,0,False,False,
GPT-3.5,1.0,33,Type-1,0,0,False,False,
GPT-3.5,1.0,33,Type-2,0,0,False,False,
GPT-3.5,1.0,33,Type-3,0,0,False,False,
GPT-3.5,1.0,34,Type-1,0,0,False,False,
GPT-3.5,1.0,34,Type-2,0,0,False,False,
GPT-3.5,1.0,34,Type-3,0,0,False,False,
GPT-3.5,1.0,35,Type-1,0,0,False,False,
GPT-3.5,1.0,35,Type-2,0,0,False,False,
GPT-3.5,1.0,35,Type-3,1,1,True,False,Original_Files/35_.py#Files/35_9.py
GPT-3.5,1.0,36,Type-1,0,0,False,False,
GPT-3.5,1.0,36,Type-2,0,0,False,False,
GPT-3.5,1.0,36,Type-3,0,0,False,False,
GPT-3.5,1.0,37,Type-1,0,0,False,False,
GPT-3.5,1.0,37,Type-2,0,0,False,False,
GPT-3.5,1.0,37,Type-3,0,0,False,False,
GPT-3.5,1.0,38,Type-1,0,0,False,False,
GPT-3.5,1.0,38,Type-2,0,0,False,False,
GPT-3.5,1.0,38,Type-3,0,0,False,False,
GPT-3.5,1.0,39,Type-1,0,0,False,False,
GPT-3.5,1.0,39,Type-2,0,0,False,False,
GPT-3.5,1.0,39,Type-3,0,0,False,False,
GPT-3.5,1.0,4,Type-1,0,0,False,False,
GPT-3.5,1.0,4,Type-2,0,0,False,False,
GPT-3.5,1.0,4,Type-3,0,0,False,False,
GPT-3.5,1.0,40,Type-1,1,1,True,False,Original_Files/40_.py#Files/40_10.py
GPT-3.5,1.0,40,Type-2,1,1,True,False,Original_Files/40_.py#Files/40_10.py
GPT-3.5,1.0,40,Type-3,2,1,True,False,Original_Files/40_.py#Files/40_8.py#Files/40_10.py
GPT-3.5,1.0,41,Type-1,0,0,False,False,
GPT-3.5,1.0,41,Type-2,0,0,False,False,
GPT-3.5,1.0,41,Type-3,0,0,False,False,
GPT-3.5,1.0,42,Type-1,0,0,False,False,
GPT-3.5,1.0,42,Type-2,0,0,False,False,
GPT-3.5,1.0,42,Type-3,0,0,False,False,
GPT-3.5,1.0,43,Type-1,0,0,False,False,
GPT-3.5,1.0,43,Type-2,0,0,False,False,
GPT-3.5,1.0,43,Type-3,0,0,False,False,
GPT-3.5,1.0,44,Type-1,0,0,False,False,
GPT-3.5,1.0,44,Type-2,1,1,True,False,Original_Files/44_.py#Files/44_3.py
GPT-3.5,1.0,44,Type-3,5,1,True,True,Original_Files/44_.py#Files/44_19.py#Files/44_3.py#Files/44_13.py#Files/44_P8_17.py#Files/44_10.py
GPT-3.5,1.0,45,Type-1,0,0,False,False,
GPT-3.5,1.0,45,Type-2,0,0,False,False,
GPT-3.5,1.0,45,Type-3,0,0,False,False,
GPT-3.5,1.0,46,Type-1,0,0,False,False,
GPT-3.5,1.0,46,Type-2,0,0,False,False,
GPT-3.5,1.0,46,Type-3,0,0,False,False,
GPT-3.5,1.0,47,Type-1,0,0,False,False,
GPT-3.5,1.0,47,Type-2,0,0,False,False,
GPT-3.5,1.0,47,Type-3,0,0,False,False,
GPT-3.5,1.0,48,Type-1,0,0,False,False,
GPT-3.5,1.0,48,Type-2,0,0,False,False,
GPT-3.5,1.0,48,Type-3,0,0,False,False,
GPT-3.5,1.0,49,Type-1,0,0,False,False,
GPT-3.5,1.0,49,Type-2,0,0,False,False,
GPT-3.5,1.0,49,Type-3,4,1,False,True,Original_Files/49_.py#Files/49_P8_9.py#Files/49_P8_0.py#Files/49_P8_2.py#Files/49_P8_18.py
GPT-3.5,1.0,5,Type-1,0,0,False,False,
GPT-3.5,1.0,5,Type-2,0,0,False,False,
GPT-3.5,1.0,5,Type-3,1,1,True,False,Original_Files/5_.py#Files/5_17.py
GPT-3.5,1.0,50,Type-1,0,0,False,False,
GPT-3.5,1.0,50,Type-2,0,0,False,False,
GPT-3.5,1.0,50,Type-3,0,0,False,False,
GPT-3.5,1.0,51,Type-1,0,0,False,False,
GPT-3.5,1.0,51,Type-2,0,0,False,False,
GPT-3.5,1.0,51,Type-3,0,0,False,False,
GPT-3.5,1.0,52,Type-1,0,0,False,False,
GPT-3.5,1.0,52,Type-2,12,1,True,True,Original_Files/52_.py#Files/52_7.py#Files/52_17.py#Files/52_P8_18.py#Files/52_14.py#Files/52_5.py#Files/52_P8_8.py#Files/52_12.py#Files/52_P8_17.py#Files/52_0.py#Files/52_P8_12.py#Files/52_P8_2.py#Files/52_9.py
GPT-3.5,1.0,52,Type-3,13,1,True,True,Original_Files/52_.py#Files/52_7.py#Files/52_9.py#Files/52_P8_18.py#Files/52_14.py#Files/52_5.py#Files/52_P8_8.py#Files/52_12.py#Files/52_P8_17.py#Files/52_0.py#Files/52_P8_12.py#Files/52_P8_2.py#Files/52_4.py#Files/52_17.py
GPT-3.5,1.0,53,Type-1,0,0,False,False,
GPT-3.5,1.0,53,Type-2,0,0,False,False,
GPT-3.5,1.0,53,Type-3,0,0,False,False,
GPT-3.5,1.0,54,Type-1,0,0,False,False,
GPT-3.5,1.0,54,Type-2,0,0,False,False,
GPT-3.5,1.0,54,Type-3,0,0,False,False,
GPT-3.5,1.0,55,Type-1,0,0,False,False,
GPT-3.5,1.0,55,Type-2,0,0,False,False,
GPT-3.5,1.0,55,Type-3,6,1,True,True,Original_Files/55_.py#Files/55_P8_11.py#Files/55_P8_16.py#Files/55_P8_7.py#Files/55_P8_17.py#Files/55_0.py#Files/55_15.py
GPT-3.5,1.0,56,Type-1,0,0,False,False,
GPT-3.5,1.0,56,Type-2,0,0,False,False,
GPT-3.5,1.0,56,Type-3,3,1,True,False,Original_Files/56_.py#Files/56_4.py#Files/56_2.py#Files/56_5.py
GPT-3.5,1.0,57,Type-1,0,0,False,False,
GPT-3.5,1.0,57,Type-2,0,0,False,False,
GPT-3.5,1.0,57,Type-3,0,0,False,False,
GPT-3.5,1.0,58,Type-1,0,0,False,False,
GPT-3.5,1.0,58,Type-2,0,0,False,False,
GPT-3.5,1.0,58,Type-3,0,0,False,False,
GPT-3.5,1.0,59,Type-1,0,0,False,False,
GPT-3.5,1.0,59,Type-2,0,0,False,False,
GPT-3.5,1.0,59,Type-3,0,0,False,False,
GPT-3.5,1.0,6,Type-1,0,0,False,False,
GPT-3.5,1.0,6,Type-2,0,0,False,False,
GPT-3.5,1.0,60,Type-1,0,0,False,False,
GPT-3.5,1.0,60,Type-2,0,0,False,False,
GPT-3.5,1.0,60,Type-3,0,0,False,False,
GPT-3.5,1.0,61,Type-1,0,0,False,False,
GPT-3.5,1.0,61,Type-2,0,0,False,False,
GPT-3.5,1.0,61,Type-3,5,1,True,True,Original_Files/61_.py#Files/61_P8_3.py#Files/61_2.py#Files/61_6.py#Files/61_P8_4.py#Files/61_12.py
GPT-3.5,1.0,62,Type-1,0,0,False,False,
GPT-3.5,1.0,62,Type-2,0,0,False,False,
GPT-3.5,1.0,62,Type-3,0,0,False,False,
GPT-3.5,1.0,63,Type-1,0,0,False,False,
GPT-3.5,1.0,63,Type-2,0,0,False,False,
GPT-3.5,1.0,63,Type-3,0,0,False,False,
GPT-3.5,1.0,64,Type-1,0,0,False,False,
GPT-3.5,1.0,65,Type-1,0,0,False,False,
GPT-3.5,1.0,65,Type-2,0,0,False,False,
GPT-3.5,1.0,65,Type-3,5,1,True,True,Original_Files/65_.py#Files/65_P8_16.py#Files/65_9.py#Files/65_6.py#Files/65_19.py#Files/65_2.py
GPT-3.5,1.0,66,Type-1,0,0,False,False,
GPT-3.5,1.0,66,Type-2,0,0,False,False,
GPT-3.5,1.0,66,Type-3,0,0,False,False,
GPT-3.5,1.0,67,Type-1,0,0,False,False,
GPT-3.5,1.0,67,Type-2,0,0,False,False,
GPT-3.5,1.0,67,Type-3,0,0,False,False,
GPT-3.5,1.0,68,Type-1,0,0,False,False,
GPT-3.5,1.0,68,Type-2,0,0,False,False,
GPT-3.5,1.0,68,Type-3,0,0,False,False,
GPT-3.5,1.0,69,Type-1,0,0,False,False,
GPT-3.5,1.0,69,Type-2,0,0,False,False,
GPT-3.5,1.0,69,Type-3,0,0,False,False,
GPT-3.5,1.0,7,Type-1,0,0,False,False,
GPT-3.5,1.0,7,Type-2,0,0,False,False,
GPT-3.5,1.0,7,Type-3,0,0,False,False,
GPT-3.5,1.0,70,Type-1,0,0,False,False,
GPT-3.5,1.0,70,Type-2,0,0,False,False,
GPT-3.5,1.0,70,Type-3,0,0,False,False,
GPT-3.5,1.0,71,Type-1,0,0,False,False,
GPT-3.5,1.0,71,Type-2,0,0,False,False,
GPT-3.5,1.0,71,Type-3,1,1,False,True,Original_Files/71_.py#Files/71_P8_9.py
GPT-3.5,1.0,72,Type-1,0,0,False,False,
GPT-3.5,1.0,72,Type-2,0,0,False,False,
GPT-3.5,1.0,72,Type-3,0,0,False,False,
GPT-3.5,1.0,73,Type-1,0,0,False,False,
GPT-3.5,1.0,73,Type-2,0,0,False,False,
GPT-3.5,1.0,73,Type-3,0,0,False,False,
GPT-3.5,1.0,74,Type-1,0,0,False,False,
GPT-3.5,1.0,74,Type-2,0,0,False,False,
GPT-3.5,1.0,74,Type-3,2,1,True,False,Original_Files/74_.py#Files/74_9.py#Files/74_19.py
GPT-3.5,1.0,75,Type-1,0,0,False,False,
GPT-3.5,1.0,75,Type-2,0,0,False,False,
GPT-3.5,1.0,75,Type-3,0,0,False,False,
GPT-3.5,1.0,76,Type-1,0,0,False,False,
GPT-3.5,1.0,76,Type-2,0,0,False,False,
GPT-3.5,1.0,76,Type-3,0,0,False,False,
GPT-3.5,1.0,77,Type-1,0,0,False,False,
GPT-3.5,1.0,77,Type-2,0,0,False,False,
GPT-3.5,1.0,77,Type-3,0,0,False,False,
GPT-3.5,1.0,78,Type-1,0,0,False,False,
GPT-3.5,1.0,78,Type-2,0,0,False,False,
GPT-3.5,1.0,78,Type-3,0,0,False,False,
GPT-3.5,1.0,79,Type-1,0,0,False,False,
GPT-3.5,1.0,79,Type-2,0,0,False,False,
GPT-3.5,1.0,79,Type-3,0,0,False,False,
GPT-3.5,1.0,8,Type-1,0,0,False,False,
GPT-3.5,1.0,8,Type-2,0,0,False,False,
GPT-3.5,1.0,8,Type-3,2,1,True,False,Original_Files/8_.py#Files/8_8.py#Files/8_9.py
GPT-3.5,1.0,80,Type-1,11,1,True,True,Original_Files/80_.py#Files/80_P8_0.py#Files/80_1.py#Files/80_P8_4.py#Files/80_P8_3.py#Files/80_P8_12.py#Files/80_12.py#Files/80_P8_5.py#Files/80_P8_8.py#Files/80_7.py#Files/80_10.py#Files/80_P8_18.py
GPT-3.5,1.0,80,Type-2,11,1,True,True,Original_Files/80_.py#Files/80_P8_0.py#Files/80_1.py#Files/80_P8_4.py#Files/80_P8_3.py#Files/80_P8_12.py#Files/80_12.py#Files/80_P8_5.py#Files/80_P8_8.py#Files/80_7.py#Files/80_10.py#Files/80_P8_18.py
GPT-3.5,1.0,80,Type-3,35,1,True,True,Original_Files/80_.py#Files/80_P8_0.py#Files/80_18.py#Files/80_9.py#Files/80_P8_11.py#Files/80_14.py#Files/80_P8_7.py#Files/80_P8_4.py#Files/80_P8_3.py#Files/80_P8_12.py#Files/80_P8_15.py#Files/80_8.py#Files/80_13.py#Files/80_15.py#Files/80_P8_14.py#Files/80_P8_5.py#Files/80_12.py#Files/80_P8_13.py#Files/80_P8_10.py#Files/80_11.py#Files/80_5.py#Files/80_P8_17.py#Files/80_10.py#Files/80_P8_1.py#Files/80_16.py#Files/80_7.py#Files/80_0.py#Files/80_3.py#Files/80_P8_9.py#Files/80_P8_18.py#Files/80_4.py#Files/80_2.py#Files/80_P8_8.py#Files/80_P8_16.py#Files/80_1.py#Files/80_6.py
GPT-3.5,1.0,81,Type-1,0,0,False,False,
GPT-3.5,1.0,81,Type-2,6,1,True,True,Original_Files/81_.py#Files/81_P8_0.py#Files/81_5.py#Files/81_P8_16.py#Files/81_P8_18.py#Files/81_10.py#Files/81_12.py
GPT-3.5,1.0,81,Type-3,15,1,True,True,Original_Files/81_.py#Files/81_14.py#Files/81_7.py#Files/81_2.py#Files/81_P8_18.py#Files/81_P8_17.py#Files/81_5.py#Files/81_16.py#Files/81_9.py#Files/81_11.py#Files/81_P8_9.py#Files/81_P8_0.py#Files/81_12.py#Files/81_P8_16.py#Files/81_4.py#Files/81_10.py
GPT-3.5,1.0,82,Type-1,0,0,False,False,
GPT-3.5,1.0,82,Type-2,1,1,True,False,Original_Files/82_.py#Files/82_17.py
GPT-3.5,1.0,82,Type-3,5,1,True,False,Original_Files/82_.py#Files/82_12.py#Files/82_14.py#Files/82_17.py#Files/82_13.py#Files/82_10.py
GPT-3.5,1.0,83,Type-1,0,0,False,False,
GPT-3.5,1.0,83,Type-2,0,0,False,False,
GPT-3.5,1.0,83,Type-3,0,0,False,False,
GPT-3.5,1.0,84,Type-1,0,0,False,False,
GPT-3.5,1.0,84,Type-2,0,0,False,False,
GPT-3.5,1.0,84,Type-3,0,0,False,False,
GPT-3.5,1.0,85,Type-1,0,0,False,False,
GPT-3.5,1.0,85,Type-2,0,0,False,False,
GPT-3.5,1.0,85,Type-3,0,0,False,False,
GPT-3.5,1.0,86,Type-1,0,0,False,False,
GPT-3.5,1.0,86,Type-2,0,0,False,False,
GPT-3.5,1.0,86,Type-3,0,0,False,False,
GPT-3.5,1.0,87,Type-1,0,0,False,False,
GPT-3.5,1.0,87,Type-2,0,0,False,False,
GPT-3.5,1.0,87,Type-3,0,0,False,False,
GPT-3.5,1.0,88,Type-1,0,0,False,False,
GPT-3.5,1.0,88,Type-2,0,0,False,False,
GPT-3.5,1.0,88,Type-3,0,0,False,False,
GPT-3.5,1.0,89,Type-1,0,0,False,False,
GPT-3.5,1.0,89,Type-2,0,0,False,False,
GPT-3.5,1.0,89,Type-3,3,1,True,True,Original_Files/89_.py#Files/89_P8_12.py#Files/89_13.py#Files/89_6.py
GPT-3.5,1.0,9,Type-1,0,0,False,False,
GPT-3.5,1.0,9,Type-2,0,0,False,False,
GPT-3.5,1.0,9,Type-3,0,0,False,False,
GPT-3.5,1.0,90,Type-1,0,0,False,False,
GPT-3.5,1.0,90,Type-2,0,0,False,False,
GPT-3.5,1.0,90,Type-3,0,0,False,False,
GPT-3.5,1.0,91,Type-1,0,0,False,False,
GPT-3.5,1.0,91,Type-2,0,0,False,False,
GPT-3.5,1.0,91,Type-3,0,0,False,False,
GPT-3.5,1.0,92,Type-1,0,0,False,False,
GPT-3.5,1.0,92,Type-2,0,0,False,False,
GPT-3.5,1.0,92,Type-3,0,0,False,False,
GPT-3.5,1.0,93,Type-1,0,0,False,False,
GPT-3.5,1.0,93,Type-2,0,0,False,False,
GPT-3.5,1.0,93,Type-3,0,0,False,False,
GPT-3.5,1.0,94,Type-1,0,0,False,False,
GPT-3.5,1.0,94,Type-2,0,0,False,False,
GPT-3.5,1.0,94,Type-3,0,0,False,False,
GPT-3.5,1.0,95,Type-1,0,0,False,False,
GPT-3.5,1.0,95,Type-2,0,0,False,False,
GPT-3.5,1.0,95,Type-3,0,0,False,False,
GPT-3.5,1.0,96,Type-1,0,0,False,False,
GPT-3.5,1.0,96,Type-2,0,0,False,False,
GPT-3.5,1.0,96,Type-3,8,1,True,True,Original_Files/96_.py#Files/96_P6_9.py#Files/96_P6_7.py#Files/96_P8_10.py#Files/96_P6_8.py#Files/96_all_5.py#Files/96_3.py#Files/96_all_9.py#Files/96_all_14.py
GPT-3.5,1.0,97,Type-1,0,0,False,False,
GPT-3.5,1.0,97,Type-2,0,0,False,False,
GPT-3.5,1.0,97,Type-3,0,0,False,False,
GPT-3.5,1.0,98,Type-1,0,0,False,False,
GPT-3.5,1.0,98,Type-2,2,1,True,False,Original_Files/98_.py#Files/98_0.py#Files/98_18.py
GPT-3.5,1.0,98,Type-3,7,1,True,True,Original_Files/98_.py#Files/98_13.py#Files/98_P8_8.py#Files/98_P8_11.py#Files/98_0.py#Files/98_2.py#Files/98_18.py#Files/98_6.py
GPT-3.5,1.0,99,Type-1,0,0,False,False,
GPT-3.5,1.0,99,Type-2,0,0,False,False,
GPT-3.5,1.0,99,Type-3,0,0,False,False,
